, Storm, Broncos, Storm, Broncos, Storm, Broncos, Storm, Broncos, Storm, Broncos, Storm, Broncos, Storm, Broncos, Storm, Broncos, Storm, Broncos, Storm, Broncos, Storm, Broncos, Storm, Broncos, Storm, Broncos, Storm, Broncos, Storm, Broncos, Storm, Broncos, Storm, Broncos, Storm, Broncos, Storm, Broncos, Storm, Broncos, Storm, Broncos, Storm, Broncos, Storm, Broncos, Storm, Broncos, Storm, Broncos, Storm, Broncos, Storm, Broncos, Storm, Broncos, Storm, Broncos, Storm, Broncos, Storm, Broncos, Storm, Broncos, Storm, Broncos, Storm, Broncos, Storm, Broncos, Storm, Broncos, Storm, Broncos, Storm, Broncos, Storm, Broncos, Storm, Broncos, Storm, Broncos, Storm, Broncos, Storm, Broncos, Storm, Broncos, Storm, Broncos, Storm, Broncos, Storm, Broncos, Storm, Broncos, Storm, Broncos, Storm, Broncos, Storm, Broncos, Storm, Broncos, Storm, Broncos, Storm, Broncos, Storm, Broncos, Storm, Broncos, Storm, Broncos, Storm, Broncos, Storm, Broncos, Storm, Broncos, Storm, Broncos, Storm, Broncos, Storm, Broncos, Storm, Broncos, Storm, Broncos, Storm, Broncos, Storm, Broncos, Storm, Broncos, Storm, Broncos, Storm, Broncos, Storm, Broncos, Storm, Broncos, Storm, Broncos, Storm, Broncos, Storm, Broncos, Storm, Broncos, Storm, Broncos, Storm, Broncos, Storm, Broncos, Storm, Broncos, Storm, Broncos, Storm, Broncos, Storm, Broncos, Storm, Broncos, Storm, Broncos, Storm, Broncos, Storm, Broncos, Storm, Broncos, Storm, Broncos, Storm, Broncos, Storm, Broncos, Storm, Broncos, Storm, Broncos, Storm, Broncos, Storm, Broncos, Storm, Broncos, Storm, Broncos, Storm, Broncos, Storm, Broncos, Storm, Broncos, Storm, Broncos, Storm, Broncos, Storm, Broncos, Storm, Broncos, Storm, Broncos, Storm, Broncos, Storm, Broncos, Storm, Broncos, Storm, Broncos, Storm, Broncos, Storm, Broncos, Storm, Broncos, Storm, Broncos, Storm, Broncos, Storm, Broncos, Storm, Broncos, Storm, Broncos, Storm, Broncos, Storm, Broncos, Storm, Broncos, Storm, Broncos, Storm, Broncos, Storm, Broncos, Storm, Broncos, Storm, Broncos, Storm, Broncos, Storm, Broncos, Storm, Broncos
, Knights, Knights, Panthers, Panthers, Knights, Knights, Panthers, Panthers, Knights, Knights, Panthers, Panthers, Knights, Knights, Panthers, Panthers, Knights, Knights, Panthers, Panthers, Knights, Knights, Panthers, Panthers, Knights, Knights, Panthers, Panthers, Knights, Knights, Panthers, Panthers, Knights, Knights, Panthers, Panthers, Knights, Knights, Panthers, Panthers, Knights, Knights, Panthers, Panthers, Knights, Knights, Panthers, Panthers, Knights, Knights, Panthers, Panthers, Knights, Knights, Panthers, Panthers, Knights, Knights, Panthers, Panthers, Knights, Knights, Panthers, Panthers, Knights, Knights, Panthers, Panthers, Knights, Knights, Panthers, Panthers, Knights, Knights, Panthers, Panthers, Knights, Knights, Panthers, Panthers, Knights, Knights, Panthers, Panthers, Knights, Knights, Panthers, Panthers, Knights, Knights, Panthers, Panthers, Knights, Knights, Panthers, Panthers, Knights, Knights, Panthers, Panthers, Knights, Knights, Panthers, Panthers, Knights, Knights, Panthers, Panthers, Knights, Knights, Panthers, Panthers, Knights, Knights, Panthers, Panthers, Knights, Knights, Panthers, Panthers, Knights, Knights, Panthers, Panthers, Knights, Knights, Panthers, Panthers, Knights, Knights, Panthers, Panthers, Knights, Knights, Panthers, Panthers, Knights, Knights, Panthers, Panthers, Knights, Knights, Panthers, Panthers, Knights, Knights, Panthers, Panthers, Knights, Knights, Panthers, Panthers, Knights, Knights, Panthers, Panthers, Knights, Knights, Panthers, Panthers, Knights, Knights, Panthers, Panthers, Knights, Knights, Panthers, Panthers, Knights, Knights, Panthers, Panthers, Knights, Knights, Panthers, Panthers, Knights, Knights, Panthers, Panthers, Knights, Knights, Panthers, Panthers, Knights, Knights, Panthers, Panthers, Knights, Knights, Panthers, Panthers, Knights, Knights, Panthers, Panthers, Knights, Knights, Panthers, Panthers, Knights, Knights, Panthers, Panthers, Knights, Knights, Panthers, Panthers, Knights, Knights, Panthers, Panthers, Knights, Knights, Panthers, Panthers, Knights, Knights, Panthers, Panthers, Knights, Knights, Panthers, Panthers, Knights, Knights, Panthers, Panthers, Knights, Knights, Panthers, Panthers, Knights, Knights, Panthers, Panthers, Knights, Knights, Panthers, Panthers, Knights, Knights, Panthers, Panthers, Knights, Knights, Panthers, Panthers, Knights, Knights, Panthers, Panthers, Knights, Knights, Panthers, Panthers
, Raiders, Raiders, Raiders, Raiders, Manly, Manly, Manly, Manly, Raiders, Raiders, Raiders, Raiders, Manly, Manly, Manly, Manly, Raiders, Raiders, Raiders, Raiders, Manly, Manly, Manly, Manly, Raiders, Raiders, Raiders, Raiders, Manly, Manly, Manly, Manly, Raiders, Raiders, Raiders, Raiders, Manly, Manly, Manly, Manly, Raiders, Raiders, Raiders, Raiders, Manly, Manly, Manly, Manly, Raiders, Raiders, Raiders, Raiders, Manly, Manly, Manly, Manly, Raiders, Raiders, Raiders, Raiders, Manly, Manly, Manly, Manly, Raiders, Raiders, Raiders, Raiders, Manly, Manly, Manly, Manly, Raiders, Raiders, Raiders, Raiders, Manly, Manly, Manly, Manly, Raiders, Raiders, Raiders, Raiders, Manly, Manly, Manly, Manly, Raiders, Raiders, Raiders, Raiders, Manly, Manly, Manly, Manly, Raiders, Raiders, Raiders, Raiders, Manly, Manly, Manly, Manly, Raiders, Raiders, Raiders, Raiders, Manly, Manly, Manly, Manly, Raiders, Raiders, Raiders, Raiders, Manly, Manly, Manly, Manly, Raiders, Raiders, Raiders, Raiders, Manly, Manly, Manly, Manly, Raiders, Raiders, Raiders, Raiders, Manly, Manly, Manly, Manly, Raiders, Raiders, Raiders, Raiders, Manly, Manly, Manly, Manly, Raiders, Raiders, Raiders, Raiders, Manly, Manly, Manly, Manly, Raiders, Raiders, Raiders, Raiders, Manly, Manly, Manly, Manly, Raiders, Raiders, Raiders, Raiders, Manly, Manly, Manly, Manly, Raiders, Raiders, Raiders, Raiders, Manly, Manly, Manly, Manly, Raiders, Raiders, Raiders, Raiders, Manly, Manly, Manly, Manly, Raiders, Raiders, Raiders, Raiders, Manly, Manly, Manly, Manly, Raiders, Raiders, Raiders, Raiders, Manly, Manly, Manly, Manly, Raiders, Raiders, Raiders, Raiders, Manly, Manly, Manly, Manly, Raiders, Raiders, Raiders, Raiders, Manly, Manly, Manly, Manly, Raiders, Raiders, Raiders, Raiders, Manly, Manly, Manly, Manly, Raiders, Raiders, Raiders, Raiders, Manly, Manly, Manly, Manly, Raiders, Raiders, Raiders, Raiders, Manly, Manly, Manly, Manly, Raiders, Raiders, Raiders, Raiders, Manly, Manly, Manly, Manly, Raiders, Raiders, Raiders, Raiders, Manly, Manly, Manly, Manly
, Dragons, Dragons, Dragons, Dragons, Dragons, Dragons, Dragons, Dragons, Sharks, Sharks, Sharks, Sharks, Sharks, Sharks, Sharks, Sharks, Dragons, Dragons, Dragons, Dragons, Dragons, Dragons, Dragons, Dragons, Sharks, Sharks, Sharks, Sharks, Sharks, Sharks, Sharks, Sharks, Dragons, Dragons, Dragons, Dragons, Dragons, Dragons, Dragons, Dragons, Sharks, Sharks, Sharks, Sharks, Sharks, Sharks, Sharks, Sharks, Dragons, Dragons, Dragons, Dragons, Dragons, Dragons, Dragons, Dragons, Sharks, Sharks, Sharks, Sharks, Sharks, Sharks, Sharks, Sharks, Dragons, Dragons, Dragons, Dragons, Dragons, Dragons, Dragons, Dragons, Sharks, Sharks, Sharks, Sharks, Sharks, Sharks, Sharks, Sharks, Dragons, Dragons, Dragons, Dragons, Dragons, Dragons, Dragons, Dragons, Sharks, Sharks, Sharks, Sharks, Sharks, Sharks, Sharks, Sharks, Dragons, Dragons, Dragons, Dragons, Dragons, Dragons, Dragons, Dragons, Sharks, Sharks, Sharks, Sharks, Sharks, Sharks, Sharks, Sharks, Dragons, Dragons, Dragons, Dragons, Dragons, Dragons, Dragons, Dragons, Sharks, Sharks, Sharks, Sharks, Sharks, Sharks, Sharks, Sharks, Dragons, Dragons, Dragons, Dragons, Dragons, Dragons, Dragons, Dragons, Sharks, Sharks, Sharks, Sharks, Sharks, Sharks, Sharks, Sharks, Dragons, Dragons, Dragons, Dragons, Dragons, Dragons, Dragons, Dragons, Sharks, Sharks, Sharks, Sharks, Sharks, Sharks, Sharks, Sharks, Dragons, Dragons, Dragons, Dragons, Dragons, Dragons, Dragons, Dragons, Sharks, Sharks, Sharks, Sharks, Sharks, Sharks, Sharks, Sharks, Dragons, Dragons, Dragons, Dragons, Dragons, Dragons, Dragons, Dragons, Sharks, Sharks, Sharks, Sharks, Sharks, Sharks, Sharks, Sharks, Dragons, Dragons, Dragons, Dragons, Dragons, Dragons, Dragons, Dragons, Sharks, Sharks, Sharks, Sharks, Sharks, Sharks, Sharks, Sharks, Dragons, Dragons, Dragons, Dragons, Dragons, Dragons, Dragons, Dragons, Sharks, Sharks, Sharks, Sharks, Sharks, Sharks, Sharks, Sharks, Dragons, Dragons, Dragons, Dragons, Dragons, Dragons, Dragons, Dragons, Sharks, Sharks, Sharks, Sharks, Sharks, Sharks, Sharks, Sharks, Dragons, Dragons, Dragons, Dragons, Dragons, Dragons, Dragons, Dragons, Sharks, Sharks, Sharks, Sharks, Sharks, Sharks, Sharks, Sharks
, Dolphins, Dolphins, Dolphins, Dolphins, Dolphins, Dolphins, Dolphins, Dolphins, Dolphins, Dolphins, Dolphins, Dolphins, Dolphins, Dolphins, Dolphins, Dolphins, Roosters, Roosters, Roosters, Roosters, Roosters, Roosters, Roosters, Roosters, Roosters, Roosters, Roosters, Roosters, Roosters, Roosters, Roosters, Roosters, Dolphins, Dolphins, Dolphins, Dolphins, Dolphins, Dolphins, Dolphins, Dolphins, Dolphins, Dolphins, Dolphins, Dolphins, Dolphins, Dolphins, Dolphins, Dolphins, Roosters, Roosters, Roosters, Roosters, Roosters, Roosters, Roosters, Roosters, Roosters, Roosters, Roosters, Roosters, Roosters, Roosters, Roosters, Roosters, Dolphins, Dolphins, Dolphins, Dolphins, Dolphins, Dolphins, Dolphins, Dolphins, Dolphins, Dolphins, Dolphins, Dolphins, Dolphins, Dolphins, Dolphins, Dolphins, Roosters, Roosters, Roosters, Roosters, Roosters, Roosters, Roosters, Roosters, Roosters, Roosters, Roosters, Roosters, Roosters, Roosters, Roosters, Roosters, Dolphins, Dolphins, Dolphins, Dolphins, Dolphins, Dolphins, Dolphins, Dolphins, Dolphins, Dolphins, Dolphins, Dolphins, Dolphins, Dolphins, Dolphins, Dolphins, Roosters, Roosters, Roosters, Roosters, Roosters, Roosters, Roosters, Roosters, Roosters, Roosters, Roosters, Roosters, Roosters, Roosters, Roosters, Roosters, Dolphins, Dolphins, Dolphins, Dolphins, Dolphins, Dolphins, Dolphins, Dolphins, Dolphins, Dolphins, Dolphins, Dolphins, Dolphins, Dolphins, Dolphins, Dolphins, Roosters, Roosters, Roosters, Roosters, Roosters, Roosters, Roosters, Roosters, Roosters, Roosters, Roosters, Roosters, Roosters, Roosters, Roosters, Roosters, Dolphins, Dolphins, Dolphins, Dolphins, Dolphins, Dolphins, Dolphins, Dolphins, Dolphins, Dolphins, Dolphins, Dolphins, Dolphins, Dolphins, Dolphins, Dolphins, Roosters, Roosters, Roosters, Roosters, Roosters, Roosters, Roosters, Roosters, Roosters, Roosters, Roosters, Roosters, Roosters, Roosters, Roosters, Roosters, Dolphins, Dolphins, Dolphins, Dolphins, Dolphins, Dolphins, Dolphins, Dolphins, Dolphins, Dolphins, Dolphins, Dolphins, Dolphins, Dolphins, Dolphins, Dolphins, Roosters, Roosters, Roosters, Roosters, Roosters, Roosters, Roosters, Roosters, Roosters, Roosters, Roosters, Roosters, Roosters, Roosters, Roosters, Roosters, Dolphins, Dolphins, Dolphins, Dolphins, Dolphins, Dolphins, Dolphins, Dolphins, Dolphins, Dolphins, Dolphins, Dolphins, Dolphins, Dolphins, Dolphins, Dolphins, Roosters, Roosters, Roosters, Roosters, Roosters, Roosters, Roosters, Roosters, Roosters, Roosters, Roosters, Roosters, Roosters, Roosters, Roosters, Roosters
, Bulldogs, Bulldogs, Bulldogs, Bulldogs, Bulldogs, Bulldogs, Bulldogs, Bulldogs, Bulldogs, Bulldogs, Bulldogs, Bulldogs, Bulldogs, Bulldogs, Bulldogs, Bulldogs, Bulldogs, Bulldogs, Bulldogs, Bulldogs, Bulldogs, Bulldogs, Bulldogs, Bulldogs, Bulldogs, Bulldogs, Bulldogs, Bulldogs, Bulldogs, Bulldogs, Bulldogs, Bulldogs, Warriors, Warriors, Warriors, Warriors, Warriors, Warriors, Warriors, Warriors, Warriors, Warriors, Warriors, Warriors, Warriors, Warriors, Warriors, Warriors, Warriors, Warriors, Warriors, Warriors, Warriors, Warriors, Warriors, Warriors, Warriors, Warriors, Warriors, Warriors, Warriors, Warriors, Warriors, Warriors, Bulldogs, Bulldogs, Bulldogs, Bulldogs, Bulldogs, Bulldogs, Bulldogs, Bulldogs, Bulldogs, Bulldogs, Bulldogs, Bulldogs, Bulldogs, Bulldogs, Bulldogs, Bulldogs, Bulldogs, Bulldogs, Bulldogs, Bulldogs, Bulldogs, Bulldogs, Bulldogs, Bulldogs, Bulldogs, Bulldogs, Bulldogs, Bulldogs, Bulldogs, Bulldogs, Bulldogs, Bulldogs, Warriors, Warriors, Warriors, Warriors, Warriors, Warriors, Warriors, Warriors, Warriors, Warriors, Warriors, Warriors, Warriors, Warriors, Warriors, Warriors, Warriors, Warriors, Warriors, Warriors, Warriors, Warriors, Warriors, Warriors, Warriors, Warriors, Warriors, Warriors, Warriors, Warriors, Warriors, Warriors, Bulldogs, Bulldogs, Bulldogs, Bulldogs, Bulldogs, Bulldogs, Bulldogs, Bulldogs, Bulldogs, Bulldogs, Bulldogs, Bulldogs, Bulldogs, Bulldogs, Bulldogs, Bulldogs, Bulldogs, Bulldogs, Bulldogs, Bulldogs, Bulldogs, Bulldogs, Bulldogs, Bulldogs, Bulldogs, Bulldogs, Bulldogs, Bulldogs, Bulldogs, Bulldogs, Bulldogs, Bulldogs, Warriors, Warriors, Warriors, Warriors, Warriors, Warriors, Warriors, Warriors, Warriors, Warriors, Warriors, Warriors, Warriors, Warriors, Warriors, Warriors, Warriors, Warriors, Warriors, Warriors, Warriors, Warriors, Warriors, Warriors, Warriors, Warriors, Warriors, Warriors, Warriors, Warriors, Warriors, Warriors, Bulldogs, Bulldogs, Bulldogs, Bulldogs, Bulldogs, Bulldogs, Bulldogs, Bulldogs, Bulldogs, Bulldogs, Bulldogs, Bulldogs, Bulldogs, Bulldogs, Bulldogs, Bulldogs, Bulldogs, Bulldogs, Bulldogs, Bulldogs, Bulldogs, Bulldogs, Bulldogs, Bulldogs, Bulldogs, Bulldogs, Bulldogs, Bulldogs, Bulldogs, Bulldogs, Bulldogs, Bulldogs, Warriors, Warriors, Warriors, Warriors, Warriors, Warriors, Warriors, Warriors, Warriors, Warriors, Warriors, Warriors, Warriors, Warriors, Warriors, Warriors, Warriors, Warriors, Warriors, Warriors, Warriors, Warriors, Warriors, Warriors, Warriors, Warriors, Warriors, Warriors, Warriors, Warriors, Warriors, Warriors
, Titans, Titans, Titans, Titans, Titans, Titans, Titans, Titans, Titans, Titans, Titans, Titans, Titans, Titans, Titans, Titans, Titans, Titans, Titans, Titans, Titans, Titans, Titans, Titans, Titans, Titans, Titans, Titans, Titans, Titans, Titans, Titans, Titans, Titans, Titans, Titans, Titans, Titans, Titans, Titans, Titans, Titans, Titans, Titans, Titans, Titans, Titans, Titans, Titans, Titans, Titans, Titans, Titans, Titans, Titans, Titans, Titans, Titans, Titans, Titans, Titans, Titans, Titans, Titans, Rabbitohs, Rabbitohs, Rabbitohs, Rabbitohs, Rabbitohs, Rabbitohs, Rabbitohs, Rabbitohs, Rabbitohs, Rabbitohs, Rabbitohs, Rabbitohs, Rabbitohs, Rabbitohs, Rabbitohs, Rabbitohs, Rabbitohs, Rabbitohs, Rabbitohs, Rabbitohs, Rabbitohs, Rabbitohs, Rabbitohs, Rabbitohs, Rabbitohs, Rabbitohs, Rabbitohs, Rabbitohs, Rabbitohs, Rabbitohs, Rabbitohs, Rabbitohs, Rabbitohs, Rabbitohs, Rabbitohs, Rabbitohs, Rabbitohs, Rabbitohs, Rabbitohs, Rabbitohs, Rabbitohs, Rabbitohs, Rabbitohs, Rabbitohs, Rabbitohs, Rabbitohs, Rabbitohs, Rabbitohs, Rabbitohs, Rabbitohs, Rabbitohs, Rabbitohs, Rabbitohs, Rabbitohs, Rabbitohs, Rabbitohs, Rabbitohs, Rabbitohs, Rabbitohs, Rabbitohs, Rabbitohs, Rabbitohs, Rabbitohs, Rabbitohs, Titans, Titans, Titans, Titans, Titans, Titans, Titans, Titans, Titans, Titans, Titans, Titans, Titans, Titans, Titans, Titans, Titans, Titans, Titans, Titans, Titans, Titans, Titans, Titans, Titans, Titans, Titans, Titans, Titans, Titans, Titans, Titans, Titans, Titans, Titans, Titans, Titans, Titans, Titans, Titans, Titans, Titans, Titans, Titans, Titans, Titans, Titans, Titans, Titans, Titans, Titans, Titans, Titans, Titans, Titans, Titans, Titans, Titans, Titans, Titans, Titans, Titans, Titans, Titans, Rabbitohs, Rabbitohs, Rabbitohs, Rabbitohs, Rabbitohs, Rabbitohs, Rabbitohs, Rabbitohs, Rabbitohs, Rabbitohs, Rabbitohs, Rabbitohs, Rabbitohs, Rabbitohs, Rabbitohs, Rabbitohs, Rabbitohs, Rabbitohs, Rabbitohs, Rabbitohs, Rabbitohs, Rabbitohs, Rabbitohs, Rabbitohs, Rabbitohs, Rabbitohs, Rabbitohs, Rabbitohs, Rabbitohs, Rabbitohs, Rabbitohs, Rabbitohs, Rabbitohs, Rabbitohs, Rabbitohs, Rabbitohs, Rabbitohs, Rabbitohs, Rabbitohs, Rabbitohs, Rabbitohs, Rabbitohs, Rabbitohs, Rabbitohs, Rabbitohs, Rabbitohs, Rabbitohs, Rabbitohs, Rabbitohs, Rabbitohs, Rabbitohs, Rabbitohs, Rabbitohs, Rabbitohs, Rabbitohs, Rabbitohs, Rabbitohs, Rabbitohs, Rabbitohs, Rabbitohs, Rabbitohs, Rabbitohs, Rabbitohs, Rabbitohs
, Eels, Eels, Eels, Eels, Eels, Eels, Eels, Eels, Eels, Eels, Eels, Eels, Eels, Eels, Eels, Eels, Eels, Eels, Eels, Eels, Eels, Eels, Eels, Eels, Eels, Eels, Eels, Eels, Eels, Eels, Eels, Eels, Eels, Eels, Eels, Eels, Eels, Eels, Eels, Eels, Eels, Eels, Eels, Eels, Eels, Eels, Eels, Eels, Eels, Eels, Eels, Eels, Eels, Eels, Eels, Eels, Eels, Eels, Eels, Eels, Eels, Eels, Eels, Eels, Eels, Eels, Eels, Eels, Eels, Eels, Eels, Eels, Eels, Eels, Eels, Eels, Eels, Eels, Eels, Eels, Eels, Eels, Eels, Eels, Eels, Eels, Eels, Eels, Eels, Eels, Eels, Eels, Eels, Eels, Eels, Eels, Eels, Eels, Eels, Eels, Eels, Eels, Eels, Eels, Eels, Eels, Eels, Eels, Eels, Eels, Eels, Eels, Eels, Eels, Eels, Eels, Eels, Eels, Eels, Eels, Eels, Eels, Eels, Eels, Eels, Eels, Eels, Eels, Cowboys, Cowboys, Cowboys, Cowboys, Cowboys, Cowboys, Cowboys, Cowboys, Cowboys, Cowboys, Cowboys, Cowboys, Cowboys, Cowboys, Cowboys, Cowboys, Cowboys, Cowboys, Cowboys, Cowboys, Cowboys, Cowboys, Cowboys, Cowboys, Cowboys, Cowboys, Cowboys, Cowboys, Cowboys, Cowboys, Cowboys, Cowboys, Cowboys, Cowboys, Cowboys, Cowboys, Cowboys, Cowboys, Cowboys, Cowboys, Cowboys, Cowboys, Cowboys, Cowboys, Cowboys, Cowboys, Cowboys, Cowboys, Cowboys, Cowboys, Cowboys, Cowboys, Cowboys, Cowboys, Cowboys, Cowboys, Cowboys, Cowboys, Cowboys, Cowboys, Cowboys, Cowboys, Cowboys, Cowboys, Cowboys, Cowboys, Cowboys, Cowboys, Cowboys, Cowboys, Cowboys, Cowboys, Cowboys, Cowboys, Cowboys, Cowboys, Cowboys, Cowboys, Cowboys, Cowboys, Cowboys, Cowboys, Cowboys, Cowboys, Cowboys, Cowboys, Cowboys, Cowboys, Cowboys, Cowboys, Cowboys, Cowboys, Cowboys, Cowboys, Cowboys, Cowboys, Cowboys, Cowboys, Cowboys, Cowboys, Cowboys, Cowboys, Cowboys, Cowboys, Cowboys, Cowboys, Cowboys, Cowboys, Cowboys, Cowboys, Cowboys, Cowboys, Cowboys, Cowboys, Cowboys, Cowboys, Cowboys, Cowboys, Cowboys, Cowboys, Cowboys, Cowboys, Cowboys, Cowboys, Cowboys, Cowboys, Cowboys, Cowboys
Storm, 99.67369477911646, 89.01663405088063, 98.67105533840773, 81.34005763688761, 99.47662247034194, 88.87293610911702, 98.46915285451196, 81.5329448677723, 99.08323783727472, 84.45411392405063, 97.91469194312796, 77.23256125317981, 98.9442815249267, 85.33791523482245, 97.99713876967095, 76.56519241815049, 99.66416120262274, 89.95646766169155, 98.78548734242084, 81.21350094031476, 99.82456140350877, 89.34859154929578, 99.11580148317171, 81.39926945771285, 98.96152309945413, 83.88958594730238, 97.87973878381817, 76.55852156057495, 99.20116194625999, 84.35277382645803, 97.4905303030303, 76.78783559040153, 99.3978243978244, 87.65859284890428, 98.40182648401826, 81.40038192234246, 99.32279909706546, 90.85714285714286, 98.11560065229207, 81.71706638859924, 98.70805369127517, 85.20179372197309, 97.40884994049551, 78.02466510737827, 98.44036697247707, 82.67644362969753, 97.64937822262662, 77.94500723589002, 99.42112879884226, 86.87624750499002, 98.38046893884457, 81.40074211502782, 99.19786096256684, 87.93565683646113, 98.31252889505316, 81.4004376367615, 98.70940882597836, 83.38473400154201, 97.70138051199571, 77.81439493804376, 98.55491329479769, 83.75690607734808, 97.573083287369, 76.96005917159763, 99.58379578246392, 90.59876888640179, 98.63762743280815, 80.39614957423177, 99.14728682170542, 89.72267536704732, 98.10838445807771, 81.21034651049293, 98.89369889369888, 84.24359594006766, 97.73714285714286, 76.4679176755448, 99.3256911665543, 85.56566970091028, 98.10467370234763, 76.94572991165334, 99.61672473867596, 89.00949796472185, 98.91039758896488, 81.6692842719318, 99.70845481049562, 86.47619047619047, 98.87532133676092, 80.43478260869566, 99.20541494997057, 83.35208098987627, 97.66171538092956, 76.34388105223027, 99.20127795527156, 83.4448160535117, 97.79050736497545, 74.4136460554371, 99.02352418996892, 87.01180744777474, 98.17045961624274, 80.97780275358247, 99.03498190591074, 86.53846153846155, 97.81144781144782, 80.51242236024845, 98.79427279577996, 84.95181616011861, 97.39299139080877, 76.30653855167566, 98.67799811142586, 83.23353293413174, 97.53004005340455, 75.5, 99.53863898500576, 87.60504201680672, 98.1847885278635, 81.2200137080192, 99.69325153374233, 88.69047619047619, 98.20420728578758, 82.29908443540182, 98.65926953305593, 83.11808118081181, 97.69070321811681, 76.8348623853211, 99.11280101394169, 80.72916666666666, 97.39884393063583, 73.65771812080537, 99.51802179379715, 89.75220495590088, 98.57598155557062, 82.28047182175622, 99.60563380281691, 89.63963963963964, 98.40030470386593, 81.33852691218131, 99.32214878834095, 84.91467576791808, 97.96160361377753, 78.38394793926248, 98.92891918208375, 86.10846812559467, 97.78796018328329, 76.93262961813102, 99.74981235926946, 89.71044467425025, 98.88472742405327, 81.9391947411668, 99.78540772532189, 89.56406869220608, 98.94534995206136, 80.7864164432529, 98.94412670479542, 85.75557390586293, 97.8616611661166, 76.35440954601563, 99.36788874841972, 84.73748473748473, 97.4091260634184, 76.41248518372184, 99.60500329163924, 87.35348550277607, 98.36695485110471, 82.82745976777348, 99.54001839926403, 85.46042003231018, 97.80321782178217, 79.60644007155635, 98.86961093585698, 83.03905831995719, 97.92276964047936, 78.9841159015535, 98.87640449438202, 85.35911602209944, 98.05680119581464, 77.96052631578947, 99.59464937170652, 88.24921135646687, 98.33802439351294, 81.12439582803358, 99.19724770642202, 87.52783964365256, 98.03849000740192, 81.08925869894101, 99.03107250250585, 84.03973509933775, 97.52486187845304, 77.31393632721905, 98.72727272727273, 84.32122370936902, 97.7854023705552, 76.95402298850574, 99.95242626070409, 89.97188378631678, 98.73694058942772, 81.21901428988043, 99.25650557620817, 89.14728682170544, 98.1234361968307, 81.15353371242891, 98.94448788115714, 84.25135764158263, 97.37045630317091, 76.45450024863251, 99.02912621359224, 81.79871520342613, 97.67769176636172, 77.23577235772358, 99.5257854179016, 91.0394265232975, 99.06377998829726, 82.55159474671669, 99.8220640569395, 91.45569620253164, 98.6217457886677, 81.66828322017459, 99.11914696337506, 85.03213957759412, 97.56135206050315, 75.46833184656556, 99.30651872399446, 83.85416666666666, 97.13782474680758, 74.80653482373172, 98.921639108555, 87.64044943820225, 98.21055077852661, 80.51162790697674, 98.97119341563786, 86.4963503649635, 98.33666001330673, 82.4468085106383, 98.59841560024375, 81.57248157248156, 97.44346116027532, 77.005136309759, 99.15824915824916, 83.27526132404182, 97.79371207942637, 75.73529411764706, 99.46380697050938, 87.63440860215054, 98.00865800865802, 82.40635641316686, 99.48453608247422, 90.41095890410958, 98.64325618515562, 79.7752808988764, 98.52216748768473, 84.56486042692939, 97.53547423450335, 77.30883813306852, 98.9406779661017, 81.19658119658119, 96.43093192333113, 76.60972404730617
Panthers, 16.252510040160644, 14.726027397260275, 50.73853116642666, 49.247518411783545, 18.80669923237962, 17.444364680545586, 54.201197053407, 52.51008516360377, 8.813418064381706, 10.561708860759493, 38.88964116452268, 42.40192796893828, 10.997067448680351, 13.172966781214205, 42.71816881258941, 44.87842236262684, 18.487126179433872, 15.298507462686567, 54.09449625909603, 51.18281698505395, 21.271929824561404, 18.661971830985916, 58.257273245864226, 54.98735599887608, 9.95872720010651, 11.969887076537015, 40.23831736069884, 42.40657084188912, 12.418300653594772, 12.944523470839261, 43.08712121212121, 46.32929436920884, 12.684537684537684, 12.110726643598616, 45.29028049575995, 46.98917886696371, 14.503386004514674, 13.257142857142856, 48.74071389744519, 50.2606882168926, 8.842281879194632, 10.634208840486867, 38.11533052039381, 41.707420795237084, 11.146788990825689, 13.748854262144821, 41.370943281771304, 45.23878437047757, 14.64061746261457, 15.469061876247507, 46.97445814197083, 46.954236239950525, 17.31283422459893, 15.14745308310992, 49.884419787332405, 50.59080962800875, 9.991673605328891, 11.835003855050116, 39.43841308135639, 41.93250725019773, 9.768786127167632, 12.596685082872927, 41.27596984739842, 45.00739644970414, 15.09433962264151, 14.269725797425853, 49.62928637627433, 48.50055534987042, 16.97674418604651, 16.476345840130506, 52.735173824130875, 50.75646656905808, 9.283309283309285, 9.328177863702273, 37.55428571428571, 40.96549636803874, 10.316925151719488, 13.003901170351106, 40.1033814344174, 46.86579722339083, 17.804878048780488, 17.774762550881952, 52.31250724469688, 49.65223244334754, 22.25461613216715, 21.142857142857142, 57.037275064267355, 52.17391304347826, 9.741024131842261, 10.067491563554555, 38.917105893627216, 41.955775829203205, 11.022364217252397, 12.040133779264215, 42.36224768139662, 45.46908315565032, 11.628939192188193, 13.169845594913715, 43.492488472408155, 45.18123068277606, 12.424607961399277, 14.663461538461538, 47.76936026936027, 48.99068322981366, 9.193669932177844, 9.710896960711638, 36.37686431429611, 41.15303491914694, 10.670443814919736, 12.77445109780439, 39.85313751668892, 45.8125, 14.878892733564014, 16.281512605042018, 45.943002359774916, 47.42974640164496, 15.184049079754603, 18.154761904761905, 47.922011287839915, 51.576805696846385, 8.460471567267684, 10.33210332103321, 36.11442193087008, 40.39564220183486, 9.632446134347274, 13.28125, 40.83402146985962, 43.79194630872483, 15.27661357921207, 15.959680806383872, 50.34244253068421, 48.2437745740498, 17.12676056338028, 17.34234234234234, 53.98971624452486, 52.08923512747875, 9.9644128113879, 10.546075085324231, 38.311688311688314, 41.62689804772234, 11.92794547224927, 11.512844909609896, 41.807552535945646, 43.899410121080415, 18.513885414060546, 18.821096173733196, 53.44985434873075, 49.79457682826623, 19.814020028612305, 16.512549537648614, 56.16011505273251, 52.14477211796247, 10.228772547294325, 10.817506193228736, 40.374037403740374, 43.2862433136744, 11.378002528445007, 14.407814407814406, 43.71616395978345, 45.278546029237454, 12.672811059907835, 13.880320789636027, 43.79336108442737, 45.85455286209004, 13.983440662373505, 15.831987075928918, 47.49381188118812, 49.970184853905785, 8.780231335436381, 11.289459604066346, 36.55570350643587, 40.443358352242974, 9.737827715355806, 13.121546961325967, 39.98505231689089, 44.12593984962406, 12.687474665585732, 13.643533123028392, 47.29928963945852, 48.25744085474434, 15.711009174311927, 14.92204899777283, 49.62990377498149, 50.90771558245083, 8.820581356498497, 11.920529801324504, 37.72375690607735, 41.21863799283154, 11.272727272727273, 14.722753346080305, 40.33063006862134, 45.632183908045974, 14.12940057088487, 15.745079662605436, 48.3704974271012, 47.477398658501016, 16.232961586121437, 17.31266149870801, 52.91909924937448, 55.07717303005687, 8.36591086786552, 9.231962761830877, 36.92962103634957, 41.86971655892591, 9.924487594390508, 12.205567451820128, 41.4496833216045, 42.140921409214094, 17.42738589211618, 16.009557945041816, 51.082504388531305, 49.04315196998124, 18.683274021352315, 15.18987341772152, 54.72179683511996, 53.54025218234724, 9.040333796940194, 12.121212121212121, 37.73730513968205, 41.867380315194765, 11.927877947295423, 13.541666666666666, 42.44826067811537, 44.79793637145314, 10.85549964054637, 14.887640449438203, 44.341157332093886, 46.97674418604651, 11.316872427983538, 14.963503649635038, 45.10978043912176, 48.005319148936174, 7.678244972577697, 11.056511056511056, 35.2212389380531, 40.69537732121691, 9.427609427609427, 13.240418118466899, 38.389409817981246, 43.27731092436975, 13.047363717605004, 12.186379928315413, 45.56998556998557, 46.651532349602725, 11.34020618556701, 15.981735159817351, 46.76775738228252, 47.99357945425361, 9.500351864883886, 9.35960591133005, 36.22106049290515, 39.076464746772594, 7.203389830508475, 14.102564102564102, 39.78849966953074, 43.495400788436264
Raiders, 100.0, 100.0, 100.0, 100.0, 100.0, 99.92821249102656, 99.896408839779, 99.75347377857463, 100.0, 100.0, 100.0, 100.0, 99.91202346041057, 99.59908361970218, 99.3514544587506, 98.94696534558682, 100.0, 100.0, 100.0, 100.0, 100.0, 100.0, 99.94295493439817, 99.74711997752178, 100.0, 100.0, 100.0, 100.0, 99.89106753812636, 99.92887624466572, 99.3844696969697, 99.23972440009503, 100.0, 100.0, 100.0, 100.0, 100.0, 100.0, 99.80068853053089, 99.7219325686479, 100.0, 100.0, 100.0, 100.0, 99.63302752293578, 99.6333638863428, 98.95359417652412, 98.75542691751086, 100.0, 100.0, 100.0, 100.0, 100.0, 99.86595174262735, 99.76883957466481, 99.69365426695842, 100.0, 100.0, 100.0, 100.0, 99.88439306358381, 99.22651933701657, 99.135870564442, 99.11242603550295, 100.0, 100.0, 100.0, 100.0, 100.0, 100.0, 99.92331288343557, 99.80478282088824, 100.0, 100.0, 100.0, 100.0, 99.66284558327713, 99.34980494148245, 99.28925263838036, 99.20067311737483, 100.0, 100.0, 100.0, 100.0, 100.0, 100.0, 99.93573264781492, 99.87577639751552, 100.0, 100.0, 100.0, 100.0, 100.0, 99.83277591973244, 99.50900163666121, 99.4136460554371, 100.0, 100.0, 100.0, 100.0, 100.0, 100.0, 99.62121212121212, 99.53416149068323, 100.0, 100.0, 100.0, 100.0, 99.71671388101983, 99.8003992015968, 99.06542056074767, 98.5, 100.0, 100.0, 100.0, 100.0, 100.0, 100.0, 99.89738327347357, 100.0, 100.0, 100.0, 100.0, 100.0, 100.0, 99.47916666666666, 99.38067712634187, 98.8255033557047, 100.0, 100.0, 100.0, 100.0, 100.0, 100.0, 99.88573605027614, 99.89376770538244, 100.0, 100.0, 100.0, 100.0, 99.90262901655306, 99.71455756422455, 99.52599146784642, 99.03756597330022, 100.0, 100.0, 100.0, 100.0, 100.0, 100.0, 99.88015340364333, 99.86595174262735, 100.0, 100.0, 100.0, 100.0, 99.87357774968395, 99.75579975579976, 99.4199535962877, 99.170288423548, 100.0, 100.0, 100.0, 100.0, 100.0, 99.83844911147011, 99.75247524752476, 99.58258795468097, 100.0, 100.0, 100.0, 100.0, 99.9250936329588, 99.30939226519338, 98.85401096163427, 98.63721804511279, 100.0, 100.0, 100.0, 100.0, 100.0, 100.0, 99.66691339748334, 100.0, 100.0, 100.0, 100.0, 100.0, 99.90909090909092, 99.61759082217974, 99.09544603867748, 98.85057471264368, 100.0, 100.0, 100.0, 100.0, 100.0, 100.0, 99.70809007506254, 99.75629569455727, 100.0, 100.0, 100.0, 100.0, 99.89212513484358, 100.0, 99.43701618578466, 99.1869918699187, 100.0, 100.0, 100.0, 100.0, 100.0, 100.0, 99.79581419091373, 99.7090203685742, 100.0, 100.0, 100.0, 100.0, 99.86130374479889, 99.73958333333334, 99.69176574196389, 99.22613929492692, 100.0, 100.0, 100.0, 100.0, 100.0, 100.0, 99.66733200266134, 99.7340425531915, 100.0, 100.0, 100.0, 100.0, 99.4949494949495, 100.0, 99.06232763375621, 98.84453781512606, 100.0, 100.0, 100.0, 100.0, 100.0, 100.0, 99.68076616121309, 99.51845906902086, 100.0, 100.0, 100.0, 100.0, 99.78813559322035, 99.57264957264957, 99.07468605419696, 99.08015768725362
Roosters, 0.0502008032128514, 0.02446183953033268, 0.004114379757251594, 0.0, 0.0, 0.0, 0.01151012891344383, 0.0, 0.010417751849150954, 0.0, 0.0, 0.0, 0.0, 0.0, 0.0, 0.0, 4.301935071165841, 2.5808457711442787, 1.347750333094189, 0.7621498564782738, 4.2105263157894735, 2.3767605633802815, 1.1979463776383343, 0.7586400674346727, 1.07841831979763, 0.5520702634880803, 0.3519633618861844, 0.17248459958932238, 1.0530137981118373, 0.7112375533428165, 0.34327651515151514, 0.14255167498218105, 0.0, 0.0, 0.0, 0.0, 0.0, 0.0, 0.0, 0.0, 0.0, 0.0, 0.0, 0.0, 0.0, 0.0, 0.0, 0.0, 2.098408104196816, 1.8463073852295409, 0.8218515832729031, 0.4483611626468769, 1.7379679144385027, 1.6085790884718498, 0.8552935737401757, 0.3063457330415755, 0.832639467110741, 0.3855050115651504, 0.24125452352231602, 0.1318217769575534, 0.5780346820809248, 0.3314917127071823, 0.20224305938591652, 0.03698224852071006, 0.0, 0.05595970900951316, 0.018535681186283594, 0.0, 0.0, 0.0, 0.0, 0.0, 0.0, 0.0, 0.0, 0.0, 0.0, 0.0, 0.0, 0.0, 2.961672473867596, 1.8317503392130257, 1.0780108960241104, 0.5833520305137985, 2.3323615160349855, 0.7619047619047619, 0.5141388174807198, 0.8074534161490683, 1.0005885815185402, 0.7311586051743533, 0.2587446094873024, 0.07624857033930614, 0.8785942492012779, 0.0, 0.10911074740861974, 0.15991471215351813, 0.0, 0.0, 0.0, 0.0, 0.0, 0.0, 0.0, 0.0, 0.0, 0.0, 0.0, 0.0, 0.0, 0.0, 0.0, 0.0, 2.1337946943483272, 0.6302521008403361, 0.5990197858050463, 0.37697052775873885, 1.9938650306748467, 0.5952380952380952, 0.4104669061056952, 0.6103763987792472, 0.4160887656033287, 0.18450184501845018, 0.11918951132300357, 0.08600917431192662, 0.25348542458808615, 0.0, 0.041288191577208914, 0.08389261744966443, 0.0, 0.0, 0.006781040211568454, 0.0, 0.0, 0.0, 0.0, 0.0, 0.0, 0.0, 0.0, 0.0, 0.0, 0.0, 0.0, 0.0, 4.528396297222917, 2.792140641158221, 1.6812317935913441, 0.8545603944124897, 4.434907010014307, 2.3778071334214, 1.3902205177372962, 0.938337801608579, 1.6717993840739112, 0.9496284062758051, 0.4331683168316832, 0.2880263338362365, 1.2642225031605563, 0.4884004884004884, 0.3866976024748647, 0.2370604504148558, 0.0, 0.0, 0.0, 0.0, 0.0, 0.0, 0.0, 0.0, 0.0, 0.0, 0.0, 0.0, 0.0, 0.0, 0.0, 0.0, 2.351033644102148, 1.3406940063091484, 0.8711968904972525, 0.35614347494276266, 1.94954128440367, 2.6726057906458798, 0.8512213175425611, 0.529500756429652, 0.7016371533578349, 0.3973509933774834, 0.1988950276243094, 0.1265022137887413, 0.5454545454545455, 0.0, 0.21834061135371177, 0.11494252873563218, 0.0, 0.0, 0.03118665211289568, 0.0, 0.0, 0.0, 0.0, 0.0, 0.0, 0.0, 0.0, 0.0, 0.0, 0.0, 0.0, 0.0, 4.6828689982216956, 2.3894862604540026, 1.5408621025941096, 0.7129455909943715, 4.804270462633451, 1.5822784810126582, 1.3782542113323124, 1.1639185257032008, 0.9735744089012517, 0.4591368227731864, 0.3549930544837166, 0.23788284269997023, 1.3869625520110958, 0.5208333333333333, 0.48436811977102595, 0.17196904557179707, 0.0, 0.0, 0.0, 0.0, 0.0, 0.0, 0.0, 0.0, 0.0, 0.0, 0.0, 0.0, 0.0, 0.0, 0.0, 0.0, 1.519213583556747, 1.0752688172043012, 0.6060606060606061, 0.4540295119182747, 2.0618556701030926, 0.0, 0.9577015163607342, 0.16051364365971107, 0.7037297677691766, 0.16420361247947454, 0.09957679860592482, 0.04965243296921549, 0.423728813559322, 0.4273504273504274, 0.06609385327164573, 0.1314060446780552
Dolphins, 30.258534136546185, 23.238747553816047, 17.23925118288418, 15.914185078450208, 29.692951849267274, 24.98205312275664, 16.47099447513812, 15.396683101748096, 16.564225440150015, 15.74367088607595, 9.597156398104266, 10.148614272325613, 17.126099706744867, 15.807560137457044, 9.413447782546495, 10.31973961324909, 5.6452902606748765, 3.5758706467661687, 1.9883160807625293, 1.2174601603484114, 5.087719298245614, 3.2570422535211265, 1.8111808328579577, 1.489182354593987, 1.4512048994807616, 0.9535759096612296, 0.4749385124247307, 0.32854209445585214, 1.0893246187363834, 1.0668563300142246, 0.5208333333333333, 0.30886196246139225, 20.124320124320125, 17.224144559784698, 12.974559686888455, 11.865054105665182, 18.115124153498872, 17.257142857142856, 13.317630005435769, 11.331247827598192, 12.600671140939598, 11.723254324151185, 7.557070215298063, 7.909844779927706, 10.963302752293579, 13.565536205316223, 7.567485592963299, 7.409551374819102, 2.098408104196816, 1.4970059880239521, 0.7412778986383047, 0.479282622139765, 1.6042780748663104, 1.4745308310991956, 0.7165973185390662, 0.3063457330415755, 0.7910074937552041, 0.3469545104086353, 0.08711968904972524, 0.14500395465330873, 0.7514450867052023, 0.3314917127071823, 0.14708586137157567, 0.14792899408284024, 30.077691453940066, 23.335198656966984, 17.136237256719184, 15.957052943354313, 29.92248062015504, 24.63295269168026, 16.947852760736197, 17.520741825280624, 15.945165945165945, 14.693088448525856, 9.56952380952381, 9.881961259079903, 16.520566419420092, 17.035110533159948, 10.63967262545768, 10.72780816154817, 4.285714285714286, 3.7991858887381276, 2.0516981569491133, 1.5256899259591652, 5.150631681243926, 2.666666666666667, 1.7030848329048842, 0.9937888198757764, 1.4125956444967627, 0.7311586051743533, 0.33540967896502155, 0.3240564239420511, 1.8370607028753994, 1.1705685618729096, 0.436442989634479, 0.3731343283582089, 19.263204616067465, 17.529518619436875, 12.301056076156478, 12.95307670694015, 19.5416164053076, 19.71153846153846, 12.794612794612794, 10.093167701863354, 11.831198191409193, 12.972572275759822, 7.542136534497393, 7.569721115537849, 11.3314447592068, 11.57684630738523, 7.610146862483311, 7.249999999999999, 1.6724336793540944, 1.4705882352941175, 0.5627155563623162, 0.7539410555174777, 1.8404907975460123, 1.7857142857142856, 0.9235505387378143, 0.6103763987792472, 0.6010171058714748, 0.27675276752767525, 0.16388557806912993, 0.05733944954128441, 0.38022813688212925, 0.5208333333333333, 0.16515276630883566, 0.16778523489932887, 29.379715004191116, 22.67954640907182, 16.979724689767412, 15.386631716906946, 29.859154929577464, 26.68918918918919, 16.054084936202628, 17.351274787535413, 15.980342314861886, 15.938566552901023, 9.740259740259742, 9.90238611713666, 17.039922103213243, 15.22359657469077, 9.543371780692052, 11.0835144365104, 5.128846634976232, 3.257497414684592, 1.8726591760299627, 1.2818405916187345, 6.580829756795422, 3.1704095112285335, 1.725790987535954, 1.4298480786416443, 1.2538495380554333, 0.9496284062758051, 0.4675467546754675, 0.34288849266218624, 1.0745891276864727, 0.7326007326007326, 0.5993812838360402, 0.4741209008297116, 19.35483870967742, 16.039481801357187, 13.096381684277938, 11.876145854552862, 18.307267709291626, 18.578352180936992, 11.881188118811881, 11.568276684555755, 11.461619348054679, 13.001605136436597, 7.465601420328451, 7.400942572874847, 13.108614232209737, 12.154696132596685, 7.075236671649228, 8.17669172932331, 1.8240778273206324, 0.6309148264984227, 0.6567484251440826, 0.4070211142203002, 2.522935779816514, 2.0044543429844097, 0.6291635825314582, 0.529500756429652, 0.5011693952555965, 0.3973509933774834, 0.26519337016574585, 0.0421674045962471, 0.5454545454545455, 0.3824091778202677, 0.2495321272613849, 0.1724137931034483, 30.589914367269266, 24.6485473289597, 16.73163885856853, 16.010498687664043, 28.376703841387858, 22.48062015503876, 16.638865721434527, 15.028432168968319, 16.614542611415168, 15.593483320403415, 10.002577984016499, 9.771258080556937, 17.79935275080906, 16.70235546038544, 9.32441942294159, 10.433604336043361, 5.157083580320094, 3.225806451612903, 2.0284766920226254, 1.125703564727955, 4.804270462633451, 1.89873417721519, 1.3782542113323124, 1.1639185257032008, 1.1590171534538711, 1.1019283746556474, 0.3086896125945362, 0.4162949747249479, 0.5547850208044383, 0.26041666666666663, 0.26420079260237783, 0.4299226139294927, 18.763479511143064, 14.887640449438203, 12.642342551708111, 12.465116279069766, 18.51851851851852, 15.693430656934307, 11.776447105788424, 12.5, 10.542352224253504, 11.67076167076167, 7.059980334316618, 8.060055314105096, 8.922558922558922, 13.588850174216027, 6.894649751792609, 8.508403361344538, 1.6979445933869526, 1.7921146953405016, 0.7215007215007215, 0.340522133938706, 2.0618556701030926, 2.28310502283105, 0.8778930566640064, 0.4815409309791332, 0.07037297677691766, 0.49261083743842365, 0.14936519790888725, 0.09930486593843098, 0.423728813559322, 0.0, 0.13218770654329146, 0.2628120893561104
Sharks, 15.574799196787147, 8.95303326810176, 10.598642254680108, 5.387447966698687, 14.270760642009769, 8.255563531945441, 10.071362799263351, 5.513222770058269, 55.91207417439317, 44.758702531645575, 46.24576844955992, 38.46565805328692, 54.89736070381232, 42.78350515463917, 44.768717215069145, 39.03886655179016, 21.205821205821206, 11.380597014925373, 14.471661371323153, 7.245372661585668, 18.947368421052634, 11.795774647887324, 12.84940102681118, 7.221129530767069, 63.33377712688058, 48.23086574654956, 51.09829530998219, 41.379876796714576, 61.29266521423384, 46.30156472261736, 50.982481060606055, 41.14991684485626, 14.87956487956488, 10.188389081122645, 11.395955642530984, 6.416295353278166, 14.108352144469528, 9.6, 10.291719514404782, 7.021202641640597, 50.08389261744966, 43.7219730941704, 45.2991452991453, 39.7086965766532, 52.981651376146786, 42.71310724106325, 45.905368516833484, 40.60781476121563, 18.427399903521465, 11.327345309381236, 14.237370074933528, 8.967223252937538, 17.780748663101605, 11.528150134048257, 12.829403606102636, 8.533916849015318, 54.80849292256453, 46.9159599074788, 48.98136978957244, 42.14342209332982, 54.73988439306359, 48.1767955801105, 48.9428203713918, 43.528106508875744, 15.78801331853496, 9.177392277560156, 11.473586654309546, 5.923731951129212, 13.72093023255814, 8.156606851549755, 10.250511247443763, 5.075646656905808, 56.421356421356414, 46.25422909618173, 47.992380952380955, 40.99576271186441, 56.84423465947403, 46.16384915474642, 46.500107688994184, 37.94699200673117, 22.787456445993033, 11.804613297150611, 15.915150110119392, 7.942562261610949, 20.505344995140913, 12.0, 14.652956298200515, 9.06832298136646, 63.50794585050029, 48.818897637795274, 52.879731672256824, 43.32825009531071, 62.460063897763575, 52.508361204013376, 52.45499181669394, 42.3773987206823, 15.49045716822015, 10.899182561307901, 12.583668005354752, 6.659173925259905, 16.28468033775633, 11.538461538461538, 10.85858585858586, 6.987577639751552, 52.37377543330821, 44.55151964418088, 46.87765247968959, 40.37965783923131, 55.0519357884797, 43.91217564870259, 46.5954606141522, 40.75, 20.47289504036909, 13.340336134453782, 15.937556725358505, 8.94448252227553, 20.858895705521473, 12.797619047619047, 14.31503335043612, 9.35910478128179, 56.03328710124826, 51.107011070110694, 50.44696066746126, 43.778669724770644, 58.30164765525983, 48.4375, 50.53674649050372, 46.4765100671141, 15.611902766135794, 9.365812683746325, 10.463145046450126, 5.897771952817824, 15.549295774647886, 7.77027027027027, 9.35059988573605, 4.957507082152975, 53.90611760718522, 44.846416382252556, 45.46019198193111, 38.66594360086768, 52.872444011684514, 44.5290199809705, 45.220413967451414, 38.528407326917105, 22.091568676507382, 11.995863495346432, 14.12401165210154, 7.707477403451109, 18.097281831187413, 10.96433289299868, 14.261744966442953, 7.506702412868632, 61.460624725033, 48.84393063583815, 51.04510451045105, 41.9695515018516, 61.441213653603036, 47.49694749694749, 50.05800464037124, 41.683129197945476, 14.384463462804476, 9.932140653917335, 10.876294161596755, 6.94642493379507, 14.627414903403862, 9.693053311793214, 9.68440594059406, 6.678592725104353, 48.26498422712934, 43.55270197966827, 44.78473146915224, 40.49572351195671, 49.36329588014981, 44.33701657458563, 43.87144992526159, 39.943609022556394, 18.038102959059586, 13.958990536277602, 13.617477549926281, 8.903586873569067, 20.068807339449542, 9.35412026726058, 13.878608438193933, 8.69894099848714, 54.15970598062145, 47.41721854304636, 47.94475138121547, 41.30297280202404, 54.81818181818182, 47.992351816443595, 47.75421085464754, 42.01149425287357, 17.887725975261656, 8.809746954076852, 11.242788086698893, 6.357538641003208, 17.472118959107807, 9.560723514211885, 10.842368640533778, 6.6612510154346065, 56.29397967161845, 46.54771140418929, 48.20830110853313, 40.37792143212332, 56.09492988133765, 45.396145610278374, 46.90358902181562, 41.86991869918699, 23.295791345583876, 15.173237753882916, 14.647942266432612, 8.74296435272045, 21.352313167259787, 9.81012658227848, 14.803471158754466, 7.468477206595538, 63.143254520166906, 49.770431588613405, 53.711992591449295, 44.45435622955694, 62.27461858529819, 49.21875, 52.928225451343025, 44.79793637145314, 15.959741193386053, 9.691011235955056, 10.876132930513595, 7.720930232558139, 17.078189300411523, 10.218978102189782, 12.042581503659349, 7.047872340425531, 50.5789152955515, 43.36609336609337, 45.52605703048181, 40.93243777163176, 57.407407407407405, 45.64459930313589, 44.84280198565913, 42.542016806722685, 19.034852546916888, 13.082437275985665, 13.852813852813853, 8.683314415437003, 19.329896907216497, 12.785388127853881, 13.487629688747008, 10.43338683788122, 56.01688951442646, 50.73891625615764, 49.04157331341798, 43.644488579940415, 58.47457627118644, 48.717948717948715, 50.69398545935228, 43.495400788436264
Bulldogs, 97.43975903614458, 96.52641878669276, 94.49084550504011, 93.27569644572526, 97.69713886950454, 96.98492462311557, 95.02762430939227, 93.88166741371582, 94.62444004583811, 92.32594936708861, 88.88287068381855, 87.97027714553488, 94.36950146627566, 92.26804123711341, 88.67906533142585, 87.57419107792457, 98.16088277626739, 97.01492537313433, 95.0753305319258, 92.79421953875087, 98.20175438596492, 96.21478873239437, 95.05134055904165, 92.72267490868221, 94.80761549727067, 92.22082810539524, 88.73717241964209, 87.24435318275154, 94.98910675381264, 92.31863442389758, 88.42329545454545, 86.71893561416013, 75.75757575757575, 71.01114955786237, 64.76842791911285, 61.93507320178231, 76.18510158013544, 73.94285714285715, 65.13861206740351, 61.03580118178659, 61.459731543624166, 59.44907110826393, 52.70474954019257, 51.53093769934085, 59.35779816513761, 60.40329972502292, 52.86624203821656, 52.27206946454414, 76.96575012059816, 70.05988023952095, 66.81169929900894, 60.915275200989484, 77.00534759358288, 72.92225201072387, 66.01941747572816, 59.82494529540482, 62.73938384679434, 58.94371626831148, 51.300093821203596, 50.935934616398626, 64.56647398843931, 59.33701657458563, 52.39933811362383, 51.22041420118343, 97.41953385127637, 96.5864577504197, 94.36515291936979, 92.89152165864495, 98.29457364341086, 96.4110929853181, 94.47852760736197, 93.16739873108834, 93.74699374699375, 91.97680038666022, 87.94666666666666, 87.99939467312349, 93.3243425488874, 89.85695708712613, 88.54189101873789, 86.79007151872108, 97.87456445993031, 96.87924016282226, 94.7490437000116, 93.29145164909131, 98.05636540330418, 96.0, 94.2159383033419, 93.04347826086956, 93.84932313125368, 91.67604049493814, 88.14566363200767, 86.40869233701868, 94.72843450479233, 91.30434782608695, 87.15220949263502, 87.31343283582089, 75.41056369285397, 69.75476839237056, 63.98929049531459, 60.80359651587525, 75.63329312424608, 70.67307692307693, 65.82491582491582, 63.89751552795031, 58.402411454408444, 59.37731653076352, 51.4126348975385, 52.02718537614249, 57.31822474032106, 60.67864271457086, 51.10146862483311, 50.74999999999999, 75.77854671280276, 69.32773109243698, 64.93011435832274, 59.664153529814946, 76.38036809815951, 71.42857142857143, 65.87993842996408, 57.88402848423194, 61.3962089690245, 55.71955719557196, 51.25148986889154, 48.62385321100918, 58.42839036755386, 57.291666666666664, 50.37159372419489, 51.34228187919463, 97.59010896898575, 96.30407391852162, 94.55482471011052, 93.44692005242464, 97.5774647887324, 96.05855855855856, 94.62959436297848, 92.81161473087819, 94.15353329944077, 92.76450511945391, 89.17560700169396, 87.90672451193059, 93.86562804284323, 91.43672692673644, 88.19718754937588, 88.73020800993481, 97.79834876157118, 96.07032057911064, 95.01456512692468, 93.50862777321282, 98.56938483547926, 96.69749009247028, 94.9424736337488, 93.5656836461126, 94.85261768587769, 91.78364987613541, 88.05005500550055, 87.14853929502125, 94.43742098609356, 91.33089133089133, 87.7416860015468, 87.1197155274595, 75.64186965108625, 71.49907464528069, 65.14035649482335, 61.886331228356084, 74.88500459981601, 68.33602584814217, 65.5631188118812, 63.44663088849135, 62.46056782334385, 58.480470840021404, 52.24145583666223, 51.17821609355908, 62.99625468164795, 54.83425414364641, 52.341803687095165, 53.57142857142857, 78.59748682610459, 70.66246056782335, 64.38815172228924, 60.49351310099211, 75.3440366972477, 73.94209354120267, 65.06291635825315, 61.42208774583964, 62.31206147677915, 56.88741721854305, 51.67955801104972, 50.74847143158338, 61.81818181818181, 57.74378585086042, 52.46412975670618, 50.287356321839084, 98.14462416745955, 96.90721649484536, 94.57352253235615, 92.27179935841353, 96.90210656753408, 96.12403100775194, 94.28690575479565, 92.03899268887083, 92.92415949960908, 91.93173002327386, 88.24439288476411, 87.14569865738439, 93.74325782092772, 91.43468950749465, 87.33286418015483, 89.02439024390245, 97.8660343805572, 95.57945041816009, 94.96781743709772, 92.12007504690432, 97.50889679715303, 98.41772151898735, 93.67023991832568, 91.8525703200776, 94.06583217431617, 90.54178145087236, 88.37783608581572, 86.20279512340173, 94.03606102635229, 92.70833333333334, 86.9220607661823, 85.72656921754084, 74.04744787922358, 68.1179775280899, 63.63002556356031, 60.97674418604652, 74.8971193415638, 68.97810218978103, 63.27345309381237, 62.10106382978723, 60.93845216331505, 58.84520884520884, 50.63913470993116, 49.861714737258, 55.387205387205384, 52.264808362369344, 52.39933811362383, 49.57983193277311, 75.96067917783735, 70.78853046594982, 65.28138528138528, 59.87514188422247, 77.57731958762886, 69.86301369863014, 63.52753391859537, 60.8346709470305, 61.50598170302604, 57.799671592775034, 50.112023898431666, 48.7090367428004, 61.440677966101696, 58.97435897435898, 51.1566424322538, 47.56898817345598
Broncos, 12.801204819277109, 46.84442270058709, 8.05184118494137, 39.61735510726865, 13.049546406140964, 44.58004307250538, 7.458563535911603, 38.435679067682656, 7.084071257422648, 37.361550632911396, 4.454976303317536, 32.26000803320391, 6.774193548387098, 37.17067583046965, 4.301382927992369, 31.648477886272257, 18.631057092595555, 56.99626865671642, 11.340575996720304, 48.530139562506186, 17.587719298245613, 55.193661971830984, 10.353679406731318, 45.32171958415285, 9.932099587272, 45.64617314930991, 5.873123568823679, 39.071868583162214, 10.312273057371096, 47.58179231863443, 5.681818181818182, 38.56022808267997, 8.139083139083139, 39.48481353325644, 6.046966731898238, 35.86250795671547, 9.085778781038375, 37.94285714285714, 5.308932777677115, 36.009732360097324, 5.419463087248322, 32.991672005124926, 3.786649356269609, 29.619391877524986, 5.183486238532111, 32.72227314390467, 3.897482559902942, 28.65412445730825, 11.601543656536421, 49.05189620758483, 8.145999516557891, 43.93939393939394, 11.43048128342246, 46.38069705093834, 7.535829865926953, 43.01969365426696, 6.744379683597003, 39.976869699306086, 4.63074654872001, 34.88004218296863, 6.705202312138728, 41.10497237569061, 4.633204633204633, 33.875739644970416, 12.125416204217537, 44.59988808058198, 7.32159406858202, 39.170677526841914, 11.317829457364342, 44.04567699836868, 7.7198364008179965, 37.62811127379209, 6.373256373256374, 35.331077815369746, 4.015238095238096, 30.765738498789347, 6.33850303438975, 34.20026007802341, 3.7906525953047594, 30.164072360117792, 17.421602787456447, 54.54545454545454, 10.409180479888722, 45.88288086156608, 17.29834791059281, 56.57142857142857, 9.704370179948587, 46.08695652173913, 9.152442613301941, 45.50056242969629, 5.82654528030666, 37.781166603126195, 9.025559105431311, 42.97658862876254, 4.69176213857065, 36.78038379530917, 7.367953839325344, 36.78474114441417, 6.276959690614309, 34.33548749648778, 8.202653799758746, 41.105769230769226, 6.1447811447811445, 34.161490683229815, 4.93594574227581, 29.725722757598223, 3.201164059658058, 28.919615655026952, 4.2492917847025495, 32.13572854291417, 3.9719626168224296, 29.812499999999996, 10.380622837370241, 41.491596638655466, 7.605736068251952, 42.220699108978756, 9.969325153374232, 46.42857142857143, 6.7727039507439715, 40.9969481180061, 5.779010633379565, 37.269372693726936, 4.201430274135876, 33.428899082568805, 5.7034220532319395, 44.53125, 3.9223781998348475, 36.241610738255034, 11.399832355406538, 43.04913901721966, 7.167559503627856, 36.89384010484928, 10.028169014084506, 41.44144144144144, 6.912968958293658, 35.3399433427762, 6.947974919505169, 34.16382252559727, 4.133258046301524, 29.718004338394792, 6.718597857838364, 35.965746907706944, 4.0132722389003, 29.524992238435267, 17.137853390042533, 52.481902792140644, 9.263420724094882, 45.932621199671324, 15.879828326180256, 58.12417437252312, 8.772770853307767, 45.57640750670242, 8.51297844258689, 42.52683732452518, 5.644939493949395, 36.14044712659443, 8.470290771175728, 44.2002442002442, 5.201082753286929, 36.704859739233505, 7.340355497037525, 35.471930906847625, 4.867114953570285, 32.22652271338358, 7.8196872125115, 38.61066235864297, 5.136138613861386, 33.03518187239117, 5.047318611987381, 30.711610486891384, 2.760763426542388, 25.624018153255367, 4.119850187265917, 31.077348066298345, 3.014449427005481, 25.93984962406015, 9.76895014187272, 42.19242902208202, 7.411875083768932, 38.94683286695497, 9.977064220183486, 42.093541202672604, 6.254626202812731, 39.78819969742814, 6.080855329101236, 39.0728476821192, 4.077348066298343, 33.565254058612695, 5.181818181818182, 39.0057361376673, 4.429195258889583, 31.436781609195403, 9.229305423406279, 39.175257731958766, 6.939030095119289, 38.46602508019831, 9.045848822800496, 43.41085271317829, 7.047539616346955, 34.687246141348496, 5.9812353401094605, 33.436772692009306, 3.5189481825212683, 29.636996519144702, 5.070118662351672, 34.90364025695932, 3.729767769176636, 26.21951219512195, 14.641375222288087, 50.29868578255675, 9.128145114101814, 45.55347091932458, 14.768683274021353, 58.22784810126582, 9.59673302705462, 45.295829291949566, 8.298562818729717, 39.57759412304867, 4.707516592066677, 35.325602140945584, 7.350901525658807, 41.92708333333333, 4.887714663143989, 37.23129836629407, 7.189072609633357, 35.53370786516854, 4.508482454101789, 30.23255813953488, 9.053497942386832, 36.496350364963504, 5.9880239520958085, 28.723404255319153, 4.509445460085313, 30.71253071253071, 2.949852507374631, 25.049387593836432, 4.040404040404041, 31.70731707317073, 2.2062879205736348, 23.844537815126053, 9.204647006255586, 46.236559139784944, 6.031746031746032, 37.3439273552781, 8.762886597938143, 41.0958904109589, 6.384676775738228, 39.00481540930979, 5.277973258268824, 30.049261083743843, 3.7341299477221805, 30.834160873882823, 4.23728813559322, 34.61538461538461, 3.56906807666887, 35.21681997371879
Warriors, 27.886546184738958, 20.670254403131118, 20.18514708907632, 15.217739353186039, 24.424284717376135, 17.87508973438622, 17.668047882136282, 12.707306140744059, 17.90811542869049, 14.794303797468356, 14.011509817197021, 11.514258936939349, 16.099706744868037, 13.459335624284078, 12.389127324749643, 10.932414321271299, 33.71181832720294, 23.10323383084577, 22.865634928769087, 17.054340294961893, 29.86842105263158, 21.566901408450704, 20.279520821448944, 15.875245855577411, 20.45000665690321, 16.537013801756586, 15.342210160291748, 12.837782340862422, 18.264342774146698, 14.509246088193455, 13.577178030303031, 10.620099786172489, 69.01709401709401, 62.322183775470975, 61.11545988258317, 55.53150859325271, 67.15575620767494, 56.91428571428572, 58.59757202391738, 52.72853667014251, 62.88590604026846, 56.27802690582959, 55.12820512820513, 51.499043163937905, 62.018348623853214, 54.353803849679196, 51.68334849863512, 49.08827785817655, 74.7467438494935, 63.87225548902195, 63.88687454677302, 56.89548546691404, 72.59358288770053, 61.93029490616622, 63.337956541840036, 56.06126914660832, 65.38301415487095, 58.2112567463377, 57.61962203457982, 52.016873187450564, 63.8728323699422, 54.9171270718232, 55.561684133112706, 50.07396449704142, 29.827968923418425, 21.376608841634024, 21.417979610750695, 17.160310995927432, 28.13953488372093, 19.9021207177814, 18.890593047034766, 14.592484138604197, 19.336219336219337, 18.173030449492508, 15.184761904761904, 12.923728813559322, 17.194875252865813, 14.564369310793237, 12.814990307990524, 11.358855700462769, 37.073170731707314, 24.35549525101764, 24.574011823345312, 19.452546555979357, 30.903790087463555, 23.61904761904762, 22.011568123393317, 17.20496894409938, 22.13066509711595, 19.122609673790777, 15.975083852419742, 13.781929088829584, 19.728434504792332, 16.555183946488295, 15.275504637206765, 13.646055437100213, 71.81535730137595, 64.85013623978202, 63.186077643908966, 59.089631919078386, 68.15440289505428, 55.28846153846154, 58.964646464646464, 55.74534161490683, 64.46872645064055, 58.710155670867316, 57.19655632351158, 53.64424654323881, 62.79508970727101, 55.688622754491014, 54.105473965287054, 51.5625, 75.1441753171857, 69.85294117647058, 66.21891450353966, 59.3899931459904, 72.39263803680981, 59.226190476190474, 64.85377116469985, 56.561546286876904, 68.65464632454923, 61.99261992619927, 60.0119189511323, 56.794724770642205, 67.42712294043093, 55.46875, 57.22543352601156, 49.41275167785235, 31.20284995808885, 22.889542209155817, 21.89597884315454, 17.85058977719528, 27.267605633802816, 20.382882882882882, 19.615311369262997, 15.89943342776204, 19.72547025927809, 16.8259385665529, 15.217391304347828, 13.796095444685466, 17.62414800389484, 15.22359657469077, 13.509243166376994, 12.108040981061782, 34.95121341005754, 24.87073422957601, 25.676238035788597, 18.98110106820049, 33.047210300429185, 21.268163804491415, 22.651006711409398, 17.7390527256479, 23.053233611966565, 18.33195706028076, 16.116611661166118, 14.46989439034426, 21.3653603034134, 16.117216117216117, 14.984532095901004, 12.761754247333071, 71.00065832784726, 65.82356570018507, 63.8595367701996, 58.38256264004889, 70.00919963201471, 63.004846526655896, 62.190594059405946, 55.87358378056052, 65.11566771819138, 59.925093632958806, 58.26897470039947, 55.873625414557516, 61.49812734082397, 59.806629834254146, 56.601893373193825, 51.64473684210527, 77.13822456424808, 69.3217665615142, 67.40383326631819, 61.51106588654286, 74.19724770642202, 66.36971046770601, 65.58105107327906, 56.732223903177, 68.39291680588039, 59.867549668874176, 60.58563535911602, 55.6820577693443, 66.27272727272727, 56.21414913957935, 57.42358078602619, 54.54022988505747, 30.019029495718364, 24.742268041237114, 23.374395758615314, 18.19772528433946, 29.987608426270135, 20.671834625322997, 19.974979149291077, 15.434606011372868, 20.875684128225174, 19.006982156710627, 15.725702500644495, 14.743908503232223, 17.367853290183387, 17.558886509635975, 13.933849401829699, 13.685636856368562, 37.344398340248965, 26.28434886499403, 27.52096742734543, 20.15009380863039, 34.69750889679715, 22.151898734177212, 24.859622256253193, 17.749757516973812, 24.153917477978673, 21.395775941230486, 17.240314863404844, 16.027356526910495, 21.7753120665742, 17.708333333333336, 15.015411712901805, 12.725709372312984, 74.26312005751258, 69.24157303370787, 65.7913083894957, 61.116279069767444, 69.54732510288066, 67.15328467153284, 63.60612109115104, 59.308510638297875, 67.15417428397319, 62.77641277641277, 61.16027531956736, 58.39589095219281, 65.82491582491582, 60.278745644599304, 58.301158301158296, 57.56302521008403, 80.07149240393208, 67.20430107526882, 69.92784992784993, 64.24517593643587, 78.8659793814433, 66.66666666666666, 69.11412609736632, 61.47672552166934, 68.40253342716397, 66.83087027914614, 63.10679611650486, 60.2780536246276, 68.64406779661016, 61.965811965811966, 59.08790482485129, 54.13929040735874
Dragons, 0.0, 0.0, 0.0, 0.0, 0.0, 0.0, 0.0, 0.0, 0.0, 0.0, 0.0, 0.0, 0.0, 0.0, 0.0, 0.0, 0.0, 0.0, 0.0, 0.0, 0.0, 0.0, 0.0, 0.0, 0.0, 0.0, 0.0, 0.0, 0.0, 0.0, 0.0, 0.0, 0.0, 0.0, 0.0, 0.0, 0.0, 0.0, 0.0, 0.0, 0.0, 0.0, 0.0, 0.0, 0.0, 0.0, 0.0, 0.0, 0.0, 0.0, 0.0, 0.0, 0.0, 0.0, 0.0, 0.0, 0.0, 0.0, 0.0, 0.0, 0.0, 0.0, 0.0, 0.0, 0.0, 0.0, 0.0, 0.0, 0.0, 0.0, 0.0, 0.0, 0.0, 0.0, 0.0, 0.0, 0.0, 0.0, 0.0, 0.0, 0.0, 0.0, 0.0, 0.0, 0.0, 0.0, 0.0, 0.0, 0.0, 0.0, 0.0, 0.0, 0.0, 0.0, 0.0, 0.0, 0.0, 0.0, 0.0, 0.0, 0.0, 0.0, 0.0, 0.0, 0.0, 0.0, 0.0, 0.0, 0.0, 0.0, 0.0, 0.0, 0.0, 0.0, 0.0, 0.0, 0.0, 0.0, 0.0, 0.0, 0.0, 0.0, 0.0, 0.0, 0.0, 0.0, 0.0, 0.0, 0.0, 0.0, 0.0, 0.0, 0.0, 0.0, 0.0, 0.0, 0.0, 0.0, 0.0, 0.0, 0.0, 0.0, 0.0, 0.0, 0.0, 0.0, 0.0, 0.0, 0.0, 0.0, 0.0, 0.0, 0.0, 0.0, 0.0, 0.0, 0.0, 0.0, 0.0, 0.0, 0.0, 0.0, 0.0, 0.0, 0.0, 0.0, 0.0, 0.0, 0.0, 0.0, 0.0, 0.0, 0.0, 0.0, 0.0, 0.0, 0.0, 0.0, 0.0, 0.0, 0.0, 0.0, 0.0, 0.0, 0.0, 0.0, 0.0, 0.0, 0.0, 0.0, 0.0, 0.0, 0.0, 0.0, 0.0, 0.0, 0.0, 0.0, 0.0, 0.0, 0.0, 0.0, 0.0, 0.0, 0.0, 0.0, 0.0, 0.0, 0.0, 0.0, 0.0, 0.0, 0.0, 0.0, 0.0, 0.0, 0.0, 0.0, 0.0, 0.0, 0.0, 0.0, 0.0, 0.0, 0.0, 0.0, 0.0, 0.0, 0.0, 0.0, 0.0, 0.0, 0.0, 0.0, 0.0, 0.0, 0.0, 0.0, 0.0, 0.0, 0.0, 0.0, 0.0, 0.0, 0.0, 0.0, 0.0, 0.0, 0.0, 0.0, 0.0, 0.0, 0.0, 0.0, 0.0, 0.0
Manly, 0.06275100401606426, 0.0, 0.02057189878625797, 0.0, 2.5819958129797627, 1.0768126346015794, 0.7251381215469613, 0.2689376961004034, 0.0, 0.0, 0.003385240352064997, 0.006694336591243807, 0.8797653958944283, 0.40091638029782356, 0.3814973772055317, 0.09573042312847023, 0.19190788421557653, 0.09328358208955223, 0.030747155888080354, 0.0, 5.0, 1.584507042253521, 1.1409013120365088, 0.4776622646810902, 0.026627612834509387, 0.0, 0.004240522432363667, 0.0, 1.4887436456063907, 0.2844950213371266, 0.5089962121212122, 0.14255167498218105, 0.0, 0.0, 0.0065231572080887154, 0.0, 1.5237020316027088, 0.2285714285714286, 0.6885305308932778, 0.1737921445950643, 0.0, 0.0, 0.0, 0.0, 0.27522935779816515, 0.18331805682859761, 0.10615711252653928, 0.02894356005788712, 0.0, 0.0, 0.0, 0.0, 1.3368983957219251, 1.2064343163538873, 0.7397133610725843, 0.26258205689277897, 0.0, 0.0, 0.0, 0.0, 0.5780346820809248, 0.22099447513812157, 0.1287001287001287, 0.03698224852071006, 0.0832408435072142, 0.0, 0.0, 0.0, 2.4806201550387597, 0.6525285481239804, 0.9458077709611452, 0.2440214738897023, 0.0, 0.0, 0.0, 0.0, 0.4720161834120027, 0.26007802340702213, 0.21537798836958863, 0.0, 0.17421602787456447, 0.0, 0.0, 0.0, 3.7900874635568513, 0.7619047619047619, 1.3496143958868894, 0.3105590062111801, 0.0, 0.0, 0.0, 0.0, 1.1182108626198082, 0.16722408026755853, 0.2182214948172395, 0.053304904051172705, 0.0, 0.0, 0.0, 0.0, 0.7237635705669482, 0.4807692307692308, 0.21043771043771042, 0.07763975155279502, 0.0, 0.0, 0.0, 0.0, 0.18885741265344666, 0.19960079840319359, 0.16688918558077437, 0.0625, 0.0, 0.0, 0.01815211472136504, 0.0, 1.687116564417178, 0.8928571428571428, 0.8209338122113904, 0.10172939979654119, 0.0, 0.0, 0.0, 0.0, 0.7604562737642585, 0.26041666666666663, 0.12386457473162675, 0.0, 0.020955574182732608, 0.0, 0.013562080423136908, 0.0, 2.9859154929577465, 0.6756756756756757, 1.1616834888592649, 0.3186968838526912, 0.0, 0.0, 0.0, 0.0, 1.1197663096397275, 0.285442435775452, 0.39500711012798234, 0.1552312946289972, 0.10007505629221916, 0.0, 0.033291718684977115, 0.0, 3.7911301859799713, 1.321003963011889, 1.2703739213806327, 0.44682752457551383, 0.02199736031676199, 0.041288191577208914, 0.006875687568756875, 0.0, 1.3274336283185841, 0.7326007326007326, 0.4833720030935808, 0.1580403002765705, 0.0, 0.0, 0.0, 0.0, 0.8279668813247469, 0.6462035541195477, 0.49504950495049505, 0.2385211687537269, 0.0, 0.0, 0.0, 0.0, 0.37453183520599254, 0.0, 0.1993024414549078, 0.0, 0.0, 0.0, 0.013403029084573114, 0.0, 1.0321100917431194, 1.1135857461024499, 0.4071058475203553, 0.30257186081694404, 0.0, 0.0, 0.0, 0.0, 0.9090909090909091, 0.0, 0.2495321272613849, 0.0, 0.04757373929590866, 0.0, 0.0, 0.0, 2.7261462205700124, 1.2919896640826873, 0.45871559633027525, 0.16246953696181965, 0.0, 0.0, 0.0, 0.0, 1.0787486515641855, 0.0, 0.211118930330753, 0.20325203252032523, 0.05927682276229994, 0.0, 0.01950458357714063, 0.0, 3.558718861209965, 1.2658227848101267, 1.174068402246044, 0.38797284190106696, 0.04636068613815484, 0.0, 0.0, 0.0, 1.5256588072122053, 0.5208333333333333, 0.22016732716864817, 0.08598452278589853, 0.0, 0.0, 0.0, 0.0, 0.6172839506172839, 0.0, 0.19960079840319359, 0.13297872340425532, 0.0, 0.0, 0.0, 0.0, 0.33670033670033667, 0.0, 0.11031439602868175, 0.10504201680672269, 0.0, 0.0, 0.0, 0.0, 0.5154639175257731, 0.91324200913242, 0.5586592178770949, 0.32102728731942215, 0.0, 0.0, 0.0, 0.0, 0.423728813559322, 0.4273504273504274, 0.0, 0.0
Eels, 0.0, 0.0, 0.0, 0.0, 0.0, 0.0, 0.0, 0.0, 0.0, 0.0, 0.0, 0.0, 0.0, 0.0, 0.0, 0.0, 0.0, 0.0, 0.0, 0.0, 0.0, 0.0, 0.0, 0.0, 0.0, 0.0, 0.0, 0.0, 0.0, 0.0, 0.0, 0.0, 0.0, 0.0, 0.0, 0.0, 0.0, 0.0, 0.0, 0.0, 0.0, 0.0, 0.0, 0.0, 0.0, 0.0, 0.0, 0.0, 0.0, 0.0, 0.0, 0.0, 0.0, 0.0, 0.0, 0.0, 0.0, 0.0, 0.0, 0.0, 0.0, 0.0, 0.0, 0.0, 0.0, 0.0, 0.0, 0.0, 0.0, 0.0, 0.0, 0.0, 0.0, 0.0, 0.0, 0.0, 0.0, 0.0, 0.0, 0.0, 0.0, 0.0, 0.0, 0.0, 0.0, 0.0, 0.0, 0.0, 0.0, 0.0, 0.0, 0.0, 0.0, 0.0, 0.0, 0.0, 0.0, 0.0, 0.0, 0.0, 0.0, 0.0, 0.0, 0.0, 0.0, 0.0, 0.0, 0.0, 0.0, 0.0, 0.0, 0.0, 0.0, 0.0, 0.0, 0.0, 0.0, 0.0, 0.0, 0.0, 0.0, 0.0, 0.0, 0.0, 0.0, 0.0, 0.0, 0.0, 0.0, 0.0, 0.0, 0.0, 0.0, 0.0, 0.0, 0.0, 0.0, 0.0, 0.0, 0.0, 0.0, 0.0, 0.0, 0.0, 0.0, 0.0, 0.0, 0.0, 0.0, 0.0, 0.0, 0.0, 0.0, 0.0, 0.0, 0.0, 0.0, 0.0, 0.0, 0.0, 0.0, 0.0, 0.0, 0.0, 0.0, 0.0, 0.0, 0.0, 0.0, 0.0, 0.0, 0.0, 0.0, 0.0, 0.0, 0.0, 0.0, 0.0, 0.0, 0.0, 0.0, 0.0, 0.0, 0.0, 0.0, 0.0, 0.0, 0.0, 0.0, 0.0, 0.0, 0.0, 0.0, 0.0, 0.0, 0.0, 0.0, 0.0, 0.0, 0.0, 0.0, 0.0, 0.0, 0.0, 0.0, 0.0, 0.0, 0.0, 0.0, 0.0, 0.0, 0.0, 0.0, 0.0, 0.0, 0.0, 0.0, 0.0, 0.0, 0.0, 0.0, 0.0, 0.0, 0.0, 0.0, 0.0, 0.0, 0.0, 0.0, 0.0, 0.0, 0.0, 0.0, 0.0, 0.0, 0.0, 0.0, 0.0, 0.0, 0.0, 0.0, 0.0, 0.0, 0.0, 0.0, 0.0, 0.0, 0.0, 0.0, 0.0, 0.0, 0.0, 0.0, 0.0, 0.0, 0.0
Titans, 0.0, 0.0, 0.0, 0.0, 0.0, 0.0, 0.0, 0.0, 0.0, 0.0, 0.0, 0.0, 0.0, 0.0, 0.0, 0.0, 0.0, 0.0, 0.0, 0.0, 0.0, 0.0, 0.0, 0.0, 0.0, 0.0, 0.0, 0.0, 0.0, 0.0, 0.0, 0.0, 0.0, 0.0, 0.0, 0.0, 0.0, 0.0, 0.0, 0.0, 0.0, 0.0, 0.0, 0.0, 0.0, 0.0, 0.0, 0.0, 0.0, 0.0, 0.0, 0.0, 0.0, 0.0, 0.0, 0.0, 0.0, 0.0, 0.0, 0.0, 0.0, 0.0, 0.0, 0.0, 0.0, 0.0, 0.0, 0.0, 0.0, 0.0, 0.0, 0.0, 0.0, 0.0, 0.0, 0.0, 0.0, 0.0, 0.0, 0.0, 0.0, 0.0, 0.0, 0.0, 0.0, 0.0, 0.0, 0.0, 0.0, 0.0, 0.0, 0.0, 0.0, 0.0, 0.0, 0.0, 0.0, 0.0, 0.0, 0.0, 0.0, 0.0, 0.0, 0.0, 0.0, 0.0, 0.0, 0.0, 0.0, 0.0, 0.0, 0.0, 0.0, 0.0, 0.0, 0.0, 0.0, 0.0, 0.0, 0.0, 0.0, 0.0, 0.0, 0.0, 0.0, 0.0, 0.0, 0.0, 0.0, 0.0, 0.0, 0.0, 0.0, 0.0, 0.0, 0.0, 0.0, 0.0, 0.0, 0.0, 0.0, 0.0, 0.0, 0.0, 0.0, 0.0, 0.0, 0.0, 0.0, 0.0, 0.0, 0.0, 0.0, 0.0, 0.0, 0.0, 0.0, 0.0, 0.0, 0.0, 0.0, 0.0, 0.0, 0.0, 0.0, 0.0, 0.0, 0.0, 0.0, 0.0, 0.0, 0.0, 0.0, 0.0, 0.0, 0.0, 0.0, 0.0, 0.0, 0.0, 0.0, 0.0, 0.0, 0.0, 0.0, 0.0, 0.0, 0.0, 0.0, 0.0, 0.0, 0.0, 0.0, 0.0, 0.0, 0.0, 0.0, 0.0, 0.0, 0.0, 0.0, 0.0, 0.0, 0.0, 0.0, 0.0, 0.0, 0.0, 0.0, 0.0, 0.0, 0.0, 0.0, 0.0, 0.0, 0.0, 0.0, 0.0, 0.0, 0.0, 0.0, 0.0, 0.0, 0.0, 0.0, 0.0, 0.0, 0.0, 0.0, 0.0, 0.0, 0.0, 0.0, 0.0, 0.0, 0.0, 0.0, 0.0, 0.0, 0.0, 0.0, 0.0, 0.0, 0.0, 0.0, 0.0, 0.0, 0.0, 0.0, 0.0, 0.0, 0.0, 0.0, 0.0, 0.0, 0.0
Cowboys, 0.0, 0.0, 0.0, 0.0, 0.0, 0.0, 0.0, 0.0, 0.0, 0.0, 0.0, 0.0, 0.0, 0.0, 0.0, 0.0, 0.0, 0.0, 0.0, 0.0, 0.0, 0.0, 0.0, 0.0, 0.0, 0.0, 0.0, 0.0, 0.0, 0.0, 0.0, 0.0, 0.0, 0.0, 0.0, 0.0, 0.0, 0.0, 0.0, 0.0, 0.0, 0.0, 0.0, 0.0, 0.0, 0.0, 0.0, 0.0, 0.0, 0.0, 0.0, 0.0, 0.0, 0.0, 0.0, 0.0, 0.0, 0.0, 0.0, 0.0, 0.0, 0.0, 0.0, 0.0, 0.0, 0.0, 0.0, 0.0, 0.0, 0.0, 0.0, 0.0, 0.0, 0.0, 0.0, 0.0, 0.0, 0.0, 0.0, 0.0, 0.0, 0.0, 0.0, 0.0, 0.0, 0.0, 0.0, 0.0, 0.0, 0.0, 0.0, 0.0, 0.0, 0.0, 0.0, 0.0, 0.0, 0.0, 0.0, 0.0, 0.0, 0.0, 0.0, 0.0, 0.0, 0.0, 0.0, 0.0, 0.0, 0.0, 0.0, 0.0, 0.0, 0.0, 0.0, 0.0, 0.0, 0.0, 0.0, 0.0, 0.0, 0.0, 0.0, 0.0, 0.0, 0.0, 0.0, 0.0, 0.0, 0.0, 0.0, 0.0, 0.0, 0.0, 0.0, 0.0, 0.0, 0.0, 0.0, 0.0, 0.0, 0.0, 0.0, 0.0, 0.0, 0.0, 0.0, 0.0, 0.0, 0.0, 0.0, 0.0, 0.0, 0.0, 0.0, 0.0, 0.0, 0.0, 0.0, 0.0, 0.0, 0.0, 0.0, 0.0, 0.0, 0.0, 0.0, 0.0, 0.0, 0.0, 0.0, 0.0, 0.0, 0.0, 0.0, 0.0, 0.0, 0.0, 0.0, 0.0, 0.0, 0.0, 0.0, 0.0, 0.0, 0.0, 0.0, 0.0, 0.0, 0.0, 0.0, 0.0, 0.0, 0.0, 0.0, 0.0, 0.0, 0.0, 0.0, 0.0, 0.0, 0.0, 0.0, 0.0, 0.0, 0.0, 0.0, 0.0, 0.0, 0.0, 0.0, 0.0, 0.0, 0.0, 0.0, 0.0, 0.0, 0.0, 0.0, 0.0, 0.0, 0.0, 0.0, 0.0, 0.0, 0.0, 0.0, 0.0, 0.0, 0.0, 0.0, 0.0, 0.0, 0.0, 0.0, 0.0, 0.0, 0.0, 0.0, 0.0, 0.0, 0.0, 0.0, 0.0, 0.0, 0.0, 0.0, 0.0, 0.0, 0.0, 0.0, 0.0, 0.0, 0.0, 0.0, 0.0
Knights, 0.0, 0.0, 0.0, 0.0, 0.0, 0.0, 0.0, 0.0, 0.0, 0.0, 0.0, 0.0, 0.0, 0.0, 0.0, 0.0, 0.0, 0.0, 0.0, 0.0, 0.0, 0.0, 0.0, 0.0, 0.0, 0.0, 0.0, 0.0, 0.0, 0.0, 0.0, 0.0, 0.0, 0.0, 0.0, 0.0, 0.0, 0.0, 0.0, 0.0, 0.0, 0.0, 0.0, 0.0, 0.0, 0.0, 0.0, 0.0, 0.0, 0.0, 0.0, 0.0, 0.0, 0.0, 0.0, 0.0, 0.0, 0.0, 0.0, 0.0, 0.0, 0.0, 0.0, 0.0, 0.0, 0.0, 0.0, 0.0, 0.0, 0.0, 0.0, 0.0, 0.0, 0.0, 0.0, 0.0, 0.0, 0.0, 0.0, 0.0, 0.0, 0.0, 0.0, 0.0, 0.0, 0.0, 0.0, 0.0, 0.0, 0.0, 0.0, 0.0, 0.0, 0.0, 0.0, 0.0, 0.0, 0.0, 0.0, 0.0, 0.0, 0.0, 0.0, 0.0, 0.0, 0.0, 0.0, 0.0, 0.0, 0.0, 0.0, 0.0, 0.0, 0.0, 0.0, 0.0, 0.0, 0.0, 0.0, 0.0, 0.0, 0.0, 0.0, 0.0, 0.0, 0.0, 0.0, 0.0, 0.0, 0.0, 0.0, 0.0, 0.0, 0.0, 0.0, 0.0, 0.0, 0.0, 0.0, 0.0, 0.0, 0.0, 0.0, 0.0, 0.0, 0.0, 0.0, 0.0, 0.0, 0.0, 0.0, 0.0, 0.0, 0.0, 0.0, 0.0, 0.0, 0.0, 0.0, 0.0, 0.0, 0.0, 0.0, 0.0, 0.0, 0.0, 0.0, 0.0, 0.0, 0.0, 0.0, 0.0, 0.0, 0.0, 0.0, 0.0, 0.0, 0.0, 0.0, 0.0, 0.0, 0.0, 0.0, 0.0, 0.0, 0.0, 0.0, 0.0, 0.0, 0.0, 0.0, 0.0, 0.0, 0.0, 0.0, 0.0, 0.0, 0.0, 0.0, 0.0, 0.0, 0.0, 0.0, 0.0, 0.0, 0.0, 0.0, 0.0, 0.0, 0.0, 0.0, 0.0, 0.0, 0.0, 0.0, 0.0, 0.0, 0.0, 0.0, 0.0, 0.0, 0.0, 0.0, 0.0, 0.0, 0.0, 0.0, 0.0, 0.0, 0.0, 0.0, 0.0, 0.0, 0.0, 0.0, 0.0, 0.0, 0.0, 0.0, 0.0, 0.0, 0.0, 0.0, 0.0, 0.0, 0.0, 0.0, 0.0, 0.0, 0.0, 0.0, 0.0, 0.0, 0.0, 0.0, 0.0
Tigers, 0.0, 0.0, 0.0, 0.0, 0.0, 0.0, 0.0, 0.0, 0.0, 0.0, 0.0, 0.0, 0.0, 0.0, 0.0, 0.0, 0.0, 0.0, 0.0, 0.0, 0.0, 0.0, 0.0, 0.0, 0.0, 0.0, 0.0, 0.0, 0.0, 0.0, 0.0, 0.0, 0.0, 0.0, 0.0, 0.0, 0.0, 0.0, 0.0, 0.0, 0.0, 0.0, 0.0, 0.0, 0.0, 0.0, 0.0, 0.0, 0.0, 0.0, 0.0, 0.0, 0.0, 0.0, 0.0, 0.0, 0.0, 0.0, 0.0, 0.0, 0.0, 0.0, 0.0, 0.0, 0.0, 0.0, 0.0, 0.0, 0.0, 0.0, 0.0, 0.0, 0.0, 0.0, 0.0, 0.0, 0.0, 0.0, 0.0, 0.0, 0.0, 0.0, 0.0, 0.0, 0.0, 0.0, 0.0, 0.0, 0.0, 0.0, 0.0, 0.0, 0.0, 0.0, 0.0, 0.0, 0.0, 0.0, 0.0, 0.0, 0.0, 0.0, 0.0, 0.0, 0.0, 0.0, 0.0, 0.0, 0.0, 0.0, 0.0, 0.0, 0.0, 0.0, 0.0, 0.0, 0.0, 0.0, 0.0, 0.0, 0.0, 0.0, 0.0, 0.0, 0.0, 0.0, 0.0, 0.0, 0.0, 0.0, 0.0, 0.0, 0.0, 0.0, 0.0, 0.0, 0.0, 0.0, 0.0, 0.0, 0.0, 0.0, 0.0, 0.0, 0.0, 0.0, 0.0, 0.0, 0.0, 0.0, 0.0, 0.0, 0.0, 0.0, 0.0, 0.0, 0.0, 0.0, 0.0, 0.0, 0.0, 0.0, 0.0, 0.0, 0.0, 0.0, 0.0, 0.0, 0.0, 0.0, 0.0, 0.0, 0.0, 0.0, 0.0, 0.0, 0.0, 0.0, 0.0, 0.0, 0.0, 0.0, 0.0, 0.0, 0.0, 0.0, 0.0, 0.0, 0.0, 0.0, 0.0, 0.0, 0.0, 0.0, 0.0, 0.0, 0.0, 0.0, 0.0, 0.0, 0.0, 0.0, 0.0, 0.0, 0.0, 0.0, 0.0, 0.0, 0.0, 0.0, 0.0, 0.0, 0.0, 0.0, 0.0, 0.0, 0.0, 0.0, 0.0, 0.0, 0.0, 0.0, 0.0, 0.0, 0.0, 0.0, 0.0, 0.0, 0.0, 0.0, 0.0, 0.0, 0.0, 0.0, 0.0, 0.0, 0.0, 0.0, 0.0, 0.0, 0.0, 0.0, 0.0, 0.0, 0.0, 0.0, 0.0, 0.0, 0.0, 0.0, 0.0, 0.0, 0.0, 0.0, 0.0, 0.0
Rabbitohs, 0.0, 0.0, 0.0, 0.0, 0.0, 0.0, 0.0, 0.0, 0.0, 0.0, 0.0, 0.0, 0.0, 0.0, 0.0, 0.0, 0.0, 0.0, 0.0, 0.0, 0.0, 0.0, 0.0, 0.0, 0.0, 0.0, 0.0, 0.0, 0.0, 0.0, 0.0, 0.0, 0.0, 0.0, 0.0, 0.0, 0.0, 0.0, 0.0, 0.0, 0.0, 0.0, 0.0, 0.0, 0.0, 0.0, 0.0, 0.0, 0.0, 0.0, 0.0, 0.0, 0.0, 0.0, 0.0, 0.0, 0.0, 0.0, 0.0, 0.0, 0.0, 0.0, 0.0, 0.0, 0.0, 0.0, 0.0, 0.0, 0.0, 0.0, 0.0, 0.0, 0.0, 0.0, 0.0, 0.0, 0.0, 0.0, 0.0, 0.0, 0.0, 0.0, 0.0, 0.0, 0.0, 0.0, 0.0, 0.0, 0.0, 0.0, 0.0, 0.0, 0.0, 0.0, 0.0, 0.0, 0.0, 0.0, 0.0, 0.0, 0.0, 0.0, 0.0, 0.0, 0.0, 0.0, 0.0, 0.0, 0.0, 0.0, 0.0, 0.0, 0.0, 0.0, 0.0, 0.0, 0.0, 0.0, 0.0, 0.0, 0.0, 0.0, 0.0, 0.0, 0.0, 0.0, 0.0, 0.0, 0.0, 0.0, 0.0, 0.0, 0.0, 0.0, 0.0, 0.0, 0.0, 0.0, 0.0, 0.0, 0.0, 0.0, 0.0, 0.0, 0.0, 0.0, 0.0, 0.0, 0.0, 0.0, 0.0, 0.0, 0.0, 0.0, 0.0, 0.0, 0.0, 0.0, 0.0, 0.0, 0.0, 0.0, 0.0, 0.0, 0.0, 0.0, 0.0, 0.0, 0.0, 0.0, 0.0, 0.0, 0.0, 0.0, 0.0, 0.0, 0.0, 0.0, 0.0, 0.0, 0.0, 0.0, 0.0, 0.0, 0.0, 0.0, 0.0, 0.0, 0.0, 0.0, 0.0, 0.0, 0.0, 0.0, 0.0, 0.0, 0.0, 0.0, 0.0, 0.0, 0.0, 0.0, 0.0, 0.0, 0.0, 0.0, 0.0, 0.0, 0.0, 0.0, 0.0, 0.0, 0.0, 0.0, 0.0, 0.0, 0.0, 0.0, 0.0, 0.0, 0.0, 0.0, 0.0, 0.0, 0.0, 0.0, 0.0, 0.0, 0.0, 0.0, 0.0, 0.0, 0.0, 0.0, 0.0, 0.0, 0.0, 0.0, 0.0, 0.0, 0.0, 0.0, 0.0, 0.0, 0.0, 0.0, 0.0, 0.0, 0.0, 0.0, 0.0, 0.0, 0.0, 0.0, 0.0, 0.0

percentages, 0.7968, 0.4088, 2.4305, 1.2492, 0.2866, 0.1393, 0.8688, 0.4462, 0.9599, 0.5056, 2.954, 1.4938, 0.341, 0.1746, 1.0485, 0.5223, 0.6253, 0.3216, 1.9514, 1.0103, 0.228, 0.1136, 0.7012, 0.3559, 0.7511, 0.3985, 2.3582, 1.2175, 0.2754, 0.1406, 0.8448, 0.4209, 0.5148, 0.2601, 1.533, 0.7855, 0.1772, 0.0875, 0.5519, 0.2877, 0.596, 0.3122, 1.8486, 0.9406, 0.218, 0.1091, 0.6594, 0.3455, 0.4146, 0.2004, 1.2411, 0.6468, 0.1496, 0.0746, 0.4326, 0.2285, 0.4804, 0.2594, 1.4922, 0.7586, 0.173, 0.0905, 0.5439, 0.2704, 0.3604, 0.1787, 1.079, 0.5402, 0.129, 0.0613, 0.3912, 0.2049, 0.4158, 0.2069, 1.3125, 0.6608, 0.1483, 0.0769, 0.4643, 0.2377, 0.287, 0.1474, 0.8627, 0.4457, 0.1029, 0.0525, 0.3112, 0.161, 0.3398, 0.1778, 1.0435, 0.5246, 0.1252, 0.0598, 0.3666, 0.1876, 0.2253, 0.1101, 0.6723, 0.3559, 0.0829, 0.0416, 0.2376, 0.1288, 0.2654, 0.1349, 0.8247, 0.4267, 0.1059, 0.0501, 0.2996, 0.16, 0.1734, 0.0952, 0.5509, 0.2918, 0.0652, 0.0336, 0.1949, 0.0983, 0.2163, 0.1084, 0.6712, 0.3488, 0.0789, 0.0384, 0.2422, 0.1192, 0.4772, 0.2381, 1.4747, 0.763, 0.1775, 0.0888, 0.5251, 0.2824, 0.5901, 0.293, 1.771, 0.922, 0.2054, 0.1051, 0.6329, 0.3221, 0.3997, 0.1934, 1.2015, 0.6085, 0.1398, 0.0757, 0.4172, 0.2238, 0.4546, 0.2422, 1.4544, 0.7291, 0.1582, 0.0819, 0.5172, 0.2531, 0.3038, 0.1621, 0.9369, 0.4909, 0.1087, 0.0619, 0.3232, 0.1677, 0.3804, 0.1869, 1.1265, 0.5729, 0.1335, 0.0724, 0.4014, 0.2128, 0.2467, 0.1268, 0.7461, 0.3931, 0.0872, 0.0449, 0.2702, 0.1322, 0.2993, 0.151, 0.905, 0.4743, 0.11, 0.0523, 0.3206, 0.174, 0.2102, 0.1067, 0.6413, 0.3429, 0.0807, 0.0387, 0.2398, 0.1231, 0.2558, 0.1289, 0.7758, 0.4022, 0.0927, 0.0467, 0.2842, 0.1476, 0.1687, 0.0837, 0.5127, 0.2665, 0.0562, 0.0316, 0.1959, 0.1031, 0.2157, 0.1089, 0.6479, 0.3363, 0.0721, 0.0384, 0.2271, 0.1163, 0.1391, 0.0712, 0.4303, 0.215, 0.0486, 0.0274, 0.1503, 0.0752, 0.1641, 0.0814, 0.5085, 0.2531, 0.0594, 0.0287, 0.1813, 0.0952, 0.1119, 0.0558, 0.3465, 0.1762, 0.0388, 0.0219, 0.1253, 0.0623, 0.1421, 0.0609, 0.4017, 0.2014, 0.0472, 0.0234, 0.1513, 0.0761
counts, 7968, 4088, 24305, 12492, 2866, 1393, 8688, 4462, 9599, 5056, 29540, 14938, 3410, 1746, 10485, 5223, 6253, 3216, 19514, 10103, 2280, 1136, 7012, 3559, 7511, 3985, 23582, 12175, 2754, 1406, 8448, 4209, 5148, 2601, 15330, 7855, 1772, 875, 5519, 2877, 5960, 3122, 18486, 9406, 2180, 1091, 6594, 3455, 4146, 2004, 12411, 6468, 1496, 746, 4326, 2285, 4804, 2594, 14922, 7586, 1730, 905, 5439, 2704, 3604, 1787, 10790, 5402, 1290, 613, 3912, 2049, 4158, 2069, 13125, 6608, 1483, 769, 4643, 2377, 2870, 1474, 8627, 4457, 1029, 525, 3112, 1610, 3398, 1778, 10435, 5246, 1252, 598, 3666, 1876, 2253, 1101, 6723, 3559, 829, 416, 2376, 1288, 2654, 1349, 8247, 4267, 1059, 501, 2996, 1600, 1734, 952, 5509, 2918, 652, 336, 1949, 983, 2163, 1084, 6712, 3488, 789, 384, 2422, 1192, 4772, 2381, 14747, 7630, 1775, 888, 5251, 2824, 5901, 2930, 17710, 9220, 2054, 1051, 6329, 3221, 3997, 1934, 12015, 6085, 1398, 757, 4172, 2238, 4546, 2422, 14544, 7291, 1582, 819, 5172, 2531, 3038, 1621, 9369, 4909, 1087, 619, 3232, 1677, 3804, 1869, 11265, 5729, 1335, 724, 4014, 2128, 2467, 1268, 7461, 3931, 872, 449, 2702, 1322, 2993, 1510, 9050, 4743, 1100, 523, 3206, 1740, 2102, 1067, 6413, 3429, 807, 387, 2398, 1231, 2558, 1289, 7758, 4022, 927, 467, 2842, 1476, 1687, 837, 5127, 2665, 562, 316, 1959, 1031, 2157, 1089, 6479, 3363, 721, 384, 2271, 1163, 1391, 712, 4303, 2150, 486, 274, 1503, 752, 1641, 814, 5085, 2531, 594, 287, 1813, 952, 1119, 558, 3465, 1762, 388, 219, 1253, 623, 1421, 609, 4017, 2014, 472, 234, 1513, 761