, Manly, Dragons, Manly, Dragons, Manly, Dragons, Manly, Dragons, Manly, Dragons, Manly, Dragons, Manly, Dragons, Manly, Dragons, Manly, Dragons, Manly, Dragons, Manly, Dragons, Manly, Dragons, Manly, Dragons, Manly, Dragons, Manly, Dragons, Manly, Dragons, Manly, Dragons, Manly, Dragons, Manly, Dragons, Manly, Dragons, Manly, Dragons, Manly, Dragons, Manly, Dragons, Manly, Dragons, Manly, Dragons, Manly, Dragons, Manly, Dragons, Manly, Dragons, Manly, Dragons, Manly, Dragons, Manly, Dragons, Manly, Dragons, Manly, Dragons, Manly, Dragons, Manly, Dragons, Manly, Dragons, Manly, Dragons, Manly, Dragons, Manly, Dragons, Manly, Dragons, Manly, Dragons, Manly, Dragons, Manly, Dragons, Manly, Dragons, Manly, Dragons, Manly, Dragons, Manly, Dragons, Manly, Dragons, Manly, Dragons, Manly, Dragons, Manly, Dragons, Manly, Dragons, Manly, Dragons, Manly, Dragons, Manly, Dragons, Manly, Dragons, Manly, Dragons, Manly, Dragons, Manly, Dragons, Manly, Dragons, Manly, Dragons, Manly, Dragons, Manly, Dragons, Manly, Dragons, Manly, Dragons, Manly, Dragons, Manly, Dragons, Manly, Dragons, Manly, Dragons, Manly, Dragons, Manly, Dragons, Manly, Dragons, Manly, Dragons, Manly, Dragons, Manly, Dragons, Manly, Dragons, Manly, Dragons, Manly, Dragons, Manly, Dragons, Manly, Dragons, Manly, Dragons, Manly, Dragons, Manly, Dragons, Manly, Dragons, Manly, Dragons, Manly, Dragons, Manly, Dragons, Manly, Dragons, Manly, Dragons, Manly, Dragons, Manly, Dragons, Manly, Dragons, Manly, Dragons, Manly, Dragons, Manly, Dragons, Manly, Dragons, Manly, Dragons, Manly, Dragons, Manly, Dragons, Manly, Dragons, Manly, Dragons, Manly, Dragons, Manly, Dragons, Manly, Dragons, Manly, Dragons, Manly, Dragons, Manly, Dragons, Manly, Dragons, Manly, Dragons, Manly, Dragons, Manly, Dragons, Manly, Dragons, Manly, Dragons, Manly, Dragons, Manly, Dragons, Manly, Dragons, Manly, Dragons, Manly, Dragons, Manly, Dragons, Manly, Dragons, Manly, Dragons, Manly, Dragons, Manly, Dragons, Manly, Dragons, Manly, Dragons, Manly, Dragons, Manly, Dragons, Manly, Dragons
, Bulldogs, Bulldogs, Rabbitohs, Rabbitohs, Bulldogs, Bulldogs, Rabbitohs, Rabbitohs, Bulldogs, Bulldogs, Rabbitohs, Rabbitohs, Bulldogs, Bulldogs, Rabbitohs, Rabbitohs, Bulldogs, Bulldogs, Rabbitohs, Rabbitohs, Bulldogs, Bulldogs, Rabbitohs, Rabbitohs, Bulldogs, Bulldogs, Rabbitohs, Rabbitohs, Bulldogs, Bulldogs, Rabbitohs, Rabbitohs, Bulldogs, Bulldogs, Rabbitohs, Rabbitohs, Bulldogs, Bulldogs, Rabbitohs, Rabbitohs, Bulldogs, Bulldogs, Rabbitohs, Rabbitohs, Bulldogs, Bulldogs, Rabbitohs, Rabbitohs, Bulldogs, Bulldogs, Rabbitohs, Rabbitohs, Bulldogs, Bulldogs, Rabbitohs, Rabbitohs, Bulldogs, Bulldogs, Rabbitohs, Rabbitohs, Bulldogs, Bulldogs, Rabbitohs, Rabbitohs, Bulldogs, Bulldogs, Rabbitohs, Rabbitohs, Bulldogs, Bulldogs, Rabbitohs, Rabbitohs, Bulldogs, Bulldogs, Rabbitohs, Rabbitohs, Bulldogs, Bulldogs, Rabbitohs, Rabbitohs, Bulldogs, Bulldogs, Rabbitohs, Rabbitohs, Bulldogs, Bulldogs, Rabbitohs, Rabbitohs, Bulldogs, Bulldogs, Rabbitohs, Rabbitohs, Bulldogs, Bulldogs, Rabbitohs, Rabbitohs, Bulldogs, Bulldogs, Rabbitohs, Rabbitohs, Bulldogs, Bulldogs, Rabbitohs, Rabbitohs, Bulldogs, Bulldogs, Rabbitohs, Rabbitohs, Bulldogs, Bulldogs, Rabbitohs, Rabbitohs, Bulldogs, Bulldogs, Rabbitohs, Rabbitohs, Bulldogs, Bulldogs, Rabbitohs, Rabbitohs, Bulldogs, Bulldogs, Rabbitohs, Rabbitohs, Bulldogs, Bulldogs, Rabbitohs, Rabbitohs, Bulldogs, Bulldogs, Rabbitohs, Rabbitohs, Bulldogs, Bulldogs, Rabbitohs, Rabbitohs, Bulldogs, Bulldogs, Rabbitohs, Rabbitohs, Bulldogs, Bulldogs, Rabbitohs, Rabbitohs, Bulldogs, Bulldogs, Rabbitohs, Rabbitohs, Bulldogs, Bulldogs, Rabbitohs, Rabbitohs, Bulldogs, Bulldogs, Rabbitohs, Rabbitohs, Bulldogs, Bulldogs, Rabbitohs, Rabbitohs, Bulldogs, Bulldogs, Rabbitohs, Rabbitohs, Bulldogs, Bulldogs, Rabbitohs, Rabbitohs, Bulldogs, Bulldogs, Rabbitohs, Rabbitohs, Bulldogs, Bulldogs, Rabbitohs, Rabbitohs, Bulldogs, Bulldogs, Rabbitohs, Rabbitohs, Bulldogs, Bulldogs, Rabbitohs, Rabbitohs, Bulldogs, Bulldogs, Rabbitohs, Rabbitohs, Bulldogs, Bulldogs, Rabbitohs, Rabbitohs, Bulldogs, Bulldogs, Rabbitohs, Rabbitohs, Bulldogs, Bulldogs, Rabbitohs, Rabbitohs, Bulldogs, Bulldogs, Rabbitohs, Rabbitohs, Bulldogs, Bulldogs, Rabbitohs, Rabbitohs, Bulldogs, Bulldogs, Rabbitohs, Rabbitohs, Bulldogs, Bulldogs, Rabbitohs, Rabbitohs, Bulldogs, Bulldogs, Rabbitohs, Rabbitohs, Bulldogs, Bulldogs, Rabbitohs, Rabbitohs, Bulldogs, Bulldogs, Rabbitohs, Rabbitohs, Bulldogs, Bulldogs, Rabbitohs, Rabbitohs, Bulldogs, Bulldogs, Rabbitohs, Rabbitohs, Bulldogs, Bulldogs, Rabbitohs, Rabbitohs, Bulldogs, Bulldogs, Rabbitohs, Rabbitohs, Bulldogs, Bulldogs, Rabbitohs, Rabbitohs, Bulldogs, Bulldogs, Rabbitohs, Rabbitohs, Bulldogs, Bulldogs, Rabbitohs, Rabbitohs
, Dolphins, Dolphins, Dolphins, Dolphins, Storm, Storm, Storm, Storm, Dolphins, Dolphins, Dolphins, Dolphins, Storm, Storm, Storm, Storm, Dolphins, Dolphins, Dolphins, Dolphins, Storm, Storm, Storm, Storm, Dolphins, Dolphins, Dolphins, Dolphins, Storm, Storm, Storm, Storm, Dolphins, Dolphins, Dolphins, Dolphins, Storm, Storm, Storm, Storm, Dolphins, Dolphins, Dolphins, Dolphins, Storm, Storm, Storm, Storm, Dolphins, Dolphins, Dolphins, Dolphins, Storm, Storm, Storm, Storm, Dolphins, Dolphins, Dolphins, Dolphins, Storm, Storm, Storm, Storm, Dolphins, Dolphins, Dolphins, Dolphins, Storm, Storm, Storm, Storm, Dolphins, Dolphins, Dolphins, Dolphins, Storm, Storm, Storm, Storm, Dolphins, Dolphins, Dolphins, Dolphins, Storm, Storm, Storm, Storm, Dolphins, Dolphins, Dolphins, Dolphins, Storm, Storm, Storm, Storm, Dolphins, Dolphins, Dolphins, Dolphins, Storm, Storm, Storm, Storm, Dolphins, Dolphins, Dolphins, Dolphins, Storm, Storm, Storm, Storm, Dolphins, Dolphins, Dolphins, Dolphins, Storm, Storm, Storm, Storm, Dolphins, Dolphins, Dolphins, Dolphins, Storm, Storm, Storm, Storm, Dolphins, Dolphins, Dolphins, Dolphins, Storm, Storm, Storm, Storm, Dolphins, Dolphins, Dolphins, Dolphins, Storm, Storm, Storm, Storm, Dolphins, Dolphins, Dolphins, Dolphins, Storm, Storm, Storm, Storm, Dolphins, Dolphins, Dolphins, Dolphins, Storm, Storm, Storm, Storm, Dolphins, Dolphins, Dolphins, Dolphins, Storm, Storm, Storm, Storm, Dolphins, Dolphins, Dolphins, Dolphins, Storm, Storm, Storm, Storm, Dolphins, Dolphins, Dolphins, Dolphins, Storm, Storm, Storm, Storm, Dolphins, Dolphins, Dolphins, Dolphins, Storm, Storm, Storm, Storm, Dolphins, Dolphins, Dolphins, Dolphins, Storm, Storm, Storm, Storm, Dolphins, Dolphins, Dolphins, Dolphins, Storm, Storm, Storm, Storm, Dolphins, Dolphins, Dolphins, Dolphins, Storm, Storm, Storm, Storm, Dolphins, Dolphins, Dolphins, Dolphins, Storm, Storm, Storm, Storm, Dolphins, Dolphins, Dolphins, Dolphins, Storm, Storm, Storm, Storm, Dolphins, Dolphins, Dolphins, Dolphins, Storm, Storm, Storm, Storm, Dolphins, Dolphins, Dolphins, Dolphins, Storm, Storm, Storm, Storm, Dolphins, Dolphins, Dolphins, Dolphins, Storm, Storm, Storm, Storm
, Warriors, Warriors, Warriors, Warriors, Warriors, Warriors, Warriors, Warriors, Broncos, Broncos, Broncos, Broncos, Broncos, Broncos, Broncos, Broncos, Warriors, Warriors, Warriors, Warriors, Warriors, Warriors, Warriors, Warriors, Broncos, Broncos, Broncos, Broncos, Broncos, Broncos, Broncos, Broncos, Warriors, Warriors, Warriors, Warriors, Warriors, Warriors, Warriors, Warriors, Broncos, Broncos, Broncos, Broncos, Broncos, Broncos, Broncos, Broncos, Warriors, Warriors, Warriors, Warriors, Warriors, Warriors, Warriors, Warriors, Broncos, Broncos, Broncos, Broncos, Broncos, Broncos, Broncos, Broncos, Warriors, Warriors, Warriors, Warriors, Warriors, Warriors, Warriors, Warriors, Broncos, Broncos, Broncos, Broncos, Broncos, Broncos, Broncos, Broncos, Warriors, Warriors, Warriors, Warriors, Warriors, Warriors, Warriors, Warriors, Broncos, Broncos, Broncos, Broncos, Broncos, Broncos, Broncos, Broncos, Warriors, Warriors, Warriors, Warriors, Warriors, Warriors, Warriors, Warriors, Broncos, Broncos, Broncos, Broncos, Broncos, Broncos, Broncos, Broncos, Warriors, Warriors, Warriors, Warriors, Warriors, Warriors, Warriors, Warriors, Broncos, Broncos, Broncos, Broncos, Broncos, Broncos, Broncos, Broncos, Warriors, Warriors, Warriors, Warriors, Warriors, Warriors, Warriors, Warriors, Broncos, Broncos, Broncos, Broncos, Broncos, Broncos, Broncos, Broncos, Warriors, Warriors, Warriors, Warriors, Warriors, Warriors, Warriors, Warriors, Broncos, Broncos, Broncos, Broncos, Broncos, Broncos, Broncos, Broncos, Warriors, Warriors, Warriors, Warriors, Warriors, Warriors, Warriors, Warriors, Broncos, Broncos, Broncos, Broncos, Broncos, Broncos, Broncos, Broncos, Warriors, Warriors, Warriors, Warriors, Warriors, Warriors, Warriors, Warriors, Broncos, Broncos, Broncos, Broncos, Broncos, Broncos, Broncos, Broncos, Warriors, Warriors, Warriors, Warriors, Warriors, Warriors, Warriors, Warriors, Broncos, Broncos, Broncos, Broncos, Broncos, Broncos, Broncos, Broncos, Warriors, Warriors, Warriors, Warriors, Warriors, Warriors, Warriors, Warriors, Broncos, Broncos, Broncos, Broncos, Broncos, Broncos, Broncos, Broncos, Warriors, Warriors, Warriors, Warriors, Warriors, Warriors, Warriors, Warriors, Broncos, Broncos, Broncos, Broncos, Broncos, Broncos, Broncos, Broncos, Warriors, Warriors, Warriors, Warriors, Warriors, Warriors, Warriors, Warriors, Broncos, Broncos, Broncos, Broncos, Broncos, Broncos, Broncos, Broncos
, Roosters, Roosters, Roosters, Roosters, Roosters, Roosters, Roosters, Roosters, Roosters, Roosters, Roosters, Roosters, Roosters, Roosters, Roosters, Roosters, Panthers, Panthers, Panthers, Panthers, Panthers, Panthers, Panthers, Panthers, Panthers, Panthers, Panthers, Panthers, Panthers, Panthers, Panthers, Panthers, Roosters, Roosters, Roosters, Roosters, Roosters, Roosters, Roosters, Roosters, Roosters, Roosters, Roosters, Roosters, Roosters, Roosters, Roosters, Roosters, Panthers, Panthers, Panthers, Panthers, Panthers, Panthers, Panthers, Panthers, Panthers, Panthers, Panthers, Panthers, Panthers, Panthers, Panthers, Panthers, Roosters, Roosters, Roosters, Roosters, Roosters, Roosters, Roosters, Roosters, Roosters, Roosters, Roosters, Roosters, Roosters, Roosters, Roosters, Roosters, Panthers, Panthers, Panthers, Panthers, Panthers, Panthers, Panthers, Panthers, Panthers, Panthers, Panthers, Panthers, Panthers, Panthers, Panthers, Panthers, Roosters, Roosters, Roosters, Roosters, Roosters, Roosters, Roosters, Roosters, Roosters, Roosters, Roosters, Roosters, Roosters, Roosters, Roosters, Roosters, Panthers, Panthers, Panthers, Panthers, Panthers, Panthers, Panthers, Panthers, Panthers, Panthers, Panthers, Panthers, Panthers, Panthers, Panthers, Panthers, Roosters, Roosters, Roosters, Roosters, Roosters, Roosters, Roosters, Roosters, Roosters, Roosters, Roosters, Roosters, Roosters, Roosters, Roosters, Roosters, Panthers, Panthers, Panthers, Panthers, Panthers, Panthers, Panthers, Panthers, Panthers, Panthers, Panthers, Panthers, Panthers, Panthers, Panthers, Panthers, Roosters, Roosters, Roosters, Roosters, Roosters, Roosters, Roosters, Roosters, Roosters, Roosters, Roosters, Roosters, Roosters, Roosters, Roosters, Roosters, Panthers, Panthers, Panthers, Panthers, Panthers, Panthers, Panthers, Panthers, Panthers, Panthers, Panthers, Panthers, Panthers, Panthers, Panthers, Panthers, Roosters, Roosters, Roosters, Roosters, Roosters, Roosters, Roosters, Roosters, Roosters, Roosters, Roosters, Roosters, Roosters, Roosters, Roosters, Roosters, Panthers, Panthers, Panthers, Panthers, Panthers, Panthers, Panthers, Panthers, Panthers, Panthers, Panthers, Panthers, Panthers, Panthers, Panthers, Panthers, Roosters, Roosters, Roosters, Roosters, Roosters, Roosters, Roosters, Roosters, Roosters, Roosters, Roosters, Roosters, Roosters, Roosters, Roosters, Roosters, Panthers, Panthers, Panthers, Panthers, Panthers, Panthers, Panthers, Panthers, Panthers, Panthers, Panthers, Panthers, Panthers, Panthers, Panthers, Panthers
, Titans, Titans, Titans, Titans, Titans, Titans, Titans, Titans, Titans, Titans, Titans, Titans, Titans, Titans, Titans, Titans, Titans, Titans, Titans, Titans, Titans, Titans, Titans, Titans, Titans, Titans, Titans, Titans, Titans, Titans, Titans, Titans, Raiders, Raiders, Raiders, Raiders, Raiders, Raiders, Raiders, Raiders, Raiders, Raiders, Raiders, Raiders, Raiders, Raiders, Raiders, Raiders, Raiders, Raiders, Raiders, Raiders, Raiders, Raiders, Raiders, Raiders, Raiders, Raiders, Raiders, Raiders, Raiders, Raiders, Raiders, Raiders, Titans, Titans, Titans, Titans, Titans, Titans, Titans, Titans, Titans, Titans, Titans, Titans, Titans, Titans, Titans, Titans, Titans, Titans, Titans, Titans, Titans, Titans, Titans, Titans, Titans, Titans, Titans, Titans, Titans, Titans, Titans, Titans, Raiders, Raiders, Raiders, Raiders, Raiders, Raiders, Raiders, Raiders, Raiders, Raiders, Raiders, Raiders, Raiders, Raiders, Raiders, Raiders, Raiders, Raiders, Raiders, Raiders, Raiders, Raiders, Raiders, Raiders, Raiders, Raiders, Raiders, Raiders, Raiders, Raiders, Raiders, Raiders, Titans, Titans, Titans, Titans, Titans, Titans, Titans, Titans, Titans, Titans, Titans, Titans, Titans, Titans, Titans, Titans, Titans, Titans, Titans, Titans, Titans, Titans, Titans, Titans, Titans, Titans, Titans, Titans, Titans, Titans, Titans, Titans, Raiders, Raiders, Raiders, Raiders, Raiders, Raiders, Raiders, Raiders, Raiders, Raiders, Raiders, Raiders, Raiders, Raiders, Raiders, Raiders, Raiders, Raiders, Raiders, Raiders, Raiders, Raiders, Raiders, Raiders, Raiders, Raiders, Raiders, Raiders, Raiders, Raiders, Raiders, Raiders, Titans, Titans, Titans, Titans, Titans, Titans, Titans, Titans, Titans, Titans, Titans, Titans, Titans, Titans, Titans, Titans, Titans, Titans, Titans, Titans, Titans, Titans, Titans, Titans, Titans, Titans, Titans, Titans, Titans, Titans, Titans, Titans, Raiders, Raiders, Raiders, Raiders, Raiders, Raiders, Raiders, Raiders, Raiders, Raiders, Raiders, Raiders, Raiders, Raiders, Raiders, Raiders, Raiders, Raiders, Raiders, Raiders, Raiders, Raiders, Raiders, Raiders, Raiders, Raiders, Raiders, Raiders, Raiders, Raiders, Raiders, Raiders
, Knights, Knights, Knights, Knights, Knights, Knights, Knights, Knights, Knights, Knights, Knights, Knights, Knights, Knights, Knights, Knights, Knights, Knights, Knights, Knights, Knights, Knights, Knights, Knights, Knights, Knights, Knights, Knights, Knights, Knights, Knights, Knights, Knights, Knights, Knights, Knights, Knights, Knights, Knights, Knights, Knights, Knights, Knights, Knights, Knights, Knights, Knights, Knights, Knights, Knights, Knights, Knights, Knights, Knights, Knights, Knights, Knights, Knights, Knights, Knights, Knights, Knights, Knights, Knights, Sharks, Sharks, Sharks, Sharks, Sharks, Sharks, Sharks, Sharks, Sharks, Sharks, Sharks, Sharks, Sharks, Sharks, Sharks, Sharks, Sharks, Sharks, Sharks, Sharks, Sharks, Sharks, Sharks, Sharks, Sharks, Sharks, Sharks, Sharks, Sharks, Sharks, Sharks, Sharks, Sharks, Sharks, Sharks, Sharks, Sharks, Sharks, Sharks, Sharks, Sharks, Sharks, Sharks, Sharks, Sharks, Sharks, Sharks, Sharks, Sharks, Sharks, Sharks, Sharks, Sharks, Sharks, Sharks, Sharks, Sharks, Sharks, Sharks, Sharks, Sharks, Sharks, Sharks, Sharks, Knights, Knights, Knights, Knights, Knights, Knights, Knights, Knights, Knights, Knights, Knights, Knights, Knights, Knights, Knights, Knights, Knights, Knights, Knights, Knights, Knights, Knights, Knights, Knights, Knights, Knights, Knights, Knights, Knights, Knights, Knights, Knights, Knights, Knights, Knights, Knights, Knights, Knights, Knights, Knights, Knights, Knights, Knights, Knights, Knights, Knights, Knights, Knights, Knights, Knights, Knights, Knights, Knights, Knights, Knights, Knights, Knights, Knights, Knights, Knights, Knights, Knights, Knights, Knights, Sharks, Sharks, Sharks, Sharks, Sharks, Sharks, Sharks, Sharks, Sharks, Sharks, Sharks, Sharks, Sharks, Sharks, Sharks, Sharks, Sharks, Sharks, Sharks, Sharks, Sharks, Sharks, Sharks, Sharks, Sharks, Sharks, Sharks, Sharks, Sharks, Sharks, Sharks, Sharks, Sharks, Sharks, Sharks, Sharks, Sharks, Sharks, Sharks, Sharks, Sharks, Sharks, Sharks, Sharks, Sharks, Sharks, Sharks, Sharks, Sharks, Sharks, Sharks, Sharks, Sharks, Sharks, Sharks, Sharks, Sharks, Sharks, Sharks, Sharks, Sharks, Sharks, Sharks, Sharks
, Tigers, Tigers, Tigers, Tigers, Tigers, Tigers, Tigers, Tigers, Tigers, Tigers, Tigers, Tigers, Tigers, Tigers, Tigers, Tigers, Tigers, Tigers, Tigers, Tigers, Tigers, Tigers, Tigers, Tigers, Tigers, Tigers, Tigers, Tigers, Tigers, Tigers, Tigers, Tigers, Tigers, Tigers, Tigers, Tigers, Tigers, Tigers, Tigers, Tigers, Tigers, Tigers, Tigers, Tigers, Tigers, Tigers, Tigers, Tigers, Tigers, Tigers, Tigers, Tigers, Tigers, Tigers, Tigers, Tigers, Tigers, Tigers, Tigers, Tigers, Tigers, Tigers, Tigers, Tigers, Tigers, Tigers, Tigers, Tigers, Tigers, Tigers, Tigers, Tigers, Tigers, Tigers, Tigers, Tigers, Tigers, Tigers, Tigers, Tigers, Tigers, Tigers, Tigers, Tigers, Tigers, Tigers, Tigers, Tigers, Tigers, Tigers, Tigers, Tigers, Tigers, Tigers, Tigers, Tigers, Tigers, Tigers, Tigers, Tigers, Tigers, Tigers, Tigers, Tigers, Tigers, Tigers, Tigers, Tigers, Tigers, Tigers, Tigers, Tigers, Tigers, Tigers, Tigers, Tigers, Tigers, Tigers, Tigers, Tigers, Tigers, Tigers, Tigers, Tigers, Tigers, Tigers, Tigers, Tigers, Eels, Eels, Eels, Eels, Eels, Eels, Eels, Eels, Eels, Eels, Eels, Eels, Eels, Eels, Eels, Eels, Eels, Eels, Eels, Eels, Eels, Eels, Eels, Eels, Eels, Eels, Eels, Eels, Eels, Eels, Eels, Eels, Eels, Eels, Eels, Eels, Eels, Eels, Eels, Eels, Eels, Eels, Eels, Eels, Eels, Eels, Eels, Eels, Eels, Eels, Eels, Eels, Eels, Eels, Eels, Eels, Eels, Eels, Eels, Eels, Eels, Eels, Eels, Eels, Eels, Eels, Eels, Eels, Eels, Eels, Eels, Eels, Eels, Eels, Eels, Eels, Eels, Eels, Eels, Eels, Eels, Eels, Eels, Eels, Eels, Eels, Eels, Eels, Eels, Eels, Eels, Eels, Eels, Eels, Eels, Eels, Eels, Eels, Eels, Eels, Eels, Eels, Eels, Eels, Eels, Eels, Eels, Eels, Eels, Eels, Eels, Eels, Eels, Eels, Eels, Eels, Eels, Eels, Eels, Eels, Eels, Eels, Eels, Eels, Eels, Eels, Eels, Eels
Storm, 0.0, 0.0, 0.0, 0.0, 0.0, 0.0, 0.0, 0.0, 0.0, 0.0, 0.0, 0.0, 0.0, 0.0, 0.0, 0.0, 0.0, 0.0, 0.0, 0.0, 0.0, 0.0, 0.0, 0.0, 0.0, 0.0, 0.0, 0.0, 0.0, 0.0, 0.0, 0.0, 0.0, 0.0, 0.0, 0.0, 0.0, 0.0, 0.0, 0.0, 0.0, 0.0, 0.0, 0.0, 0.0, 0.0, 0.0, 0.0, 0.0, 0.0, 0.0, 0.0, 0.0, 0.0, 0.0, 0.0, 0.0, 0.0, 0.0, 0.0, 0.010715816545220745, 0.0, 0.0, 0.0, 0.027218290691344585, 0.0, 0.0, 0.0, 0.0, 0.0, 0.0, 0.0, 0.0, 0.0, 0.0, 0.0, 0.0, 0.0, 0.0, 0.0, 0.0, 0.0, 0.0, 0.0, 0.0, 0.0, 0.0, 0.0, 0.058788947677836566, 0.0, 0.0, 0.0, 0.0, 0.0, 0.0, 0.0, 0.021616947686986597, 0.0, 0.0, 0.0, 0.0, 0.0, 0.0, 0.0, 0.014218683349921797, 0.0, 0.052994170641229466, 0.0, 0.0029498525073746312, 0.0, 0.0, 0.0, 0.017571604287471447, 0.0, 0.0, 0.0, 0.003587315253264457, 0.0, 0.0, 0.0, 0.0, 0.0, 0.0, 0.0, 0.0, 0.0, 0.0, 0.0, 0.0, 0.0, 0.0, 0.0, 0.0, 0.0, 0.0, 0.0, 0.0, 0.0, 0.0, 0.0, 0.0, 0.0, 0.0, 0.0, 0.0, 0.0, 0.0, 0.0, 0.0, 0.0, 0.0, 0.0, 0.0, 0.0, 0.0, 0.0, 0.0, 0.0, 0.0, 0.0, 0.0, 0.0, 0.0, 0.0, 0.0, 0.0, 0.0, 0.0, 0.06161429451632779, 0.0, 0.24330900243309003, 0.0, 0.0, 0.0, 0.0, 0.0, 0.07710100231303006, 0.0, 0.0, 0.0, 0.0, 0.0, 0.0, 0.0, 0.0, 0.0, 0.0, 0.0, 0.0, 0.0, 0.0, 0.0, 0.0, 0.0, 0.21141649048625794, 0.0, 0.0, 0.0, 0.0, 0.0, 0.0, 0.0, 0.0, 0.0, 0.0, 0.0, 0.0, 0.0, 0.0, 0.0, 0.0, 0.0, 0.0, 0.0, 0.0, 0.0, 0.0, 0.0, 0.0, 0.0, 0.0, 0.0, 0.0, 0.0, 0.0, 0.0, 0.0, 0.0, 0.0, 0.0, 0.016608536787908985, 0.0, 0.0, 0.0, 0.0, 0.0, 0.0, 0.0, 0.0, 0.0, 0.034293552812071325, 0.046620046620046623, 0.0, 0.0, 0.007007217433956976, 0.0, 0.02697599136768276, 0.0, 0.0, 0.06622516556291391, 0.0, 0.0, 0.0, 0.0, 0.0, 0.0
Bulldogs, 0.0, 0.0, 0.0, 0.33670033670033667, 0.012743723716069836, 0.0, 0.04952947003467063, 0.2911208151382824, 0.0, 0.0, 0.0, 0.0, 0.0, 0.024061597690086624, 0.24891101431238333, 0.0942507068803016, 0.0, 0.0, 0.0, 0.5076142131979695, 0.0, 0.0, 0.08340283569641367, 0.0, 0.0, 0.0, 0.0, 0.7462686567164178, 0.027578599007170437, 0.07639419404125286, 0.0, 0.1508295625942685, 0.02425418384671356, 0.0, 0.09633911368015415, 0.0, 0.005012531328320803, 0.007090689924129617, 0.05816207832493214, 0.13900472616068948, 0.0, 0.0, 0.0, 0.17921146953405018, 0.006691201070592172, 0.0, 0.07621951219512195, 0.17953321364452424, 0.0, 0.0, 0.14684287812041116, 0.0, 0.016345210853220007, 0.0, 0.0, 0.17474879860200962, 0.0, 0.0, 0.390625, 0.0, 0.0, 0.047581284694686754, 0.04061738424045491, 0.0, 0.027218290691344585, 0.0, 0.3314917127071823, 0.15360983102918588, 0.017213679137020887, 0.008255593164368859, 0.06561679790026247, 0.06341154090044387, 0.0, 0.0, 0.26246719160104987, 0.43103448275862066, 0.0075131480090157785, 0.01078050884001725, 0.09088155104513784, 0.08521516829995739, 0.0, 0.0649772579597141, 0.0, 0.0, 0.0, 0.0, 0.13956734124214934, 0.05037783375314861, 0.0, 0.0, 0.0, 0.3246753246753247, 0.0, 0.0, 0.14691478942213515, 0.06402048655569782, 0.010808473843493299, 0.030721966205837174, 0.041736227045075125, 0.06027727546714888, 0.0089433439162903, 0.0063461843566555605, 0.03453634950785702, 0.06215813028344107, 0.0, 0.020429009193054137, 0.10598834128245893, 0.1579778830963665, 0.0058997050147492625, 0.0, 0.011325028312570781, 0.04875670404680643, 0.0, 0.04929751047572097, 0.0, 0.1, 0.007174630506528914, 0.01541465419792416, 0.06765899864682003, 0.07830853563038372, 0.0, 0.0, 0.0, 0.0, 0.009552010698251982, 0.006756756756756757, 0.0736105999263894, 0.10537407797681769, 0.0, 0.0, 0.5, 0.0, 0.025329280648429587, 0.07112375533428165, 0.099601593625498, 0.27586206896551724, 0.0, 0.0, 0.0, 0.0, 0.0, 0.0, 0.0, 0.0, 0.0, 0.0, 0.0, 0.0, 0.042283298097251586, 0.0, 0.338409475465313, 0.2257336343115124, 0.0, 0.0, 0.0, 1.1904761904761905, 0.0, 0.0, 0.0, 0.0, 0.0, 0.0, 0.35778175313059035, 0.0, 0.0, 0.0, 0.19364833462432224, 0.15915119363395225, 0.0, 0.08718395815170009, 0.0, 0.0, 0.0, 0.0, 0.04975124378109452, 0.0, 0.0, 0.1128668171557562, 0.2932551319648094, 0.0, 0.0, 0.0, 0.18214936247723132, 0.0, 0.0, 0.0, 0.0, 0.0, 0.02129471890971039, 0.030129557095510694, 0.15785319652722968, 0.11402508551881414, 0.0, 0.0, 0.42283298097251587, 0.2958579881656805, 0.0, 0.0159846547314578, 0.042643923240938165, 0.11940298507462686, 0.07087172218284904, 0.0, 0.2958579881656805, 0.411522633744856, 0.014945449110745777, 0.020955574182732608, 0.0, 0.0, 0.0, 0.0, 0.0, 0.47393364928909953, 0.0, 0.0, 0.07112375533428165, 0.28763183125599234, 0.0, 0.16501650165016502, 0.4716981132075472, 0.0, 0.0, 0.035650623885918005, 0.0, 0.1201923076923077, 0.0, 0.0, 0.0, 0.10952902519167579, 0.0, 0.012465719272001996, 0.06643414715163594, 0.12033694344163659, 0.0, 0.0, 0.21691973969631237, 0.0, 0.0, 0.0, 0.04317789291882556, 0.06430868167202572, 0.0, 0.0, 0.1282051282051282, 0.0, 0.007007217433956976, 0.010049241282283189, 0.02697599136768276, 0.07809449433814916, 0.0, 0.0, 0.0, 0.0, 0.0, 0.0, 0.0723589001447178, 0.2570694087403599
Cowboys, 0.6246096189881324, 0.42589437819420783, 0.49504950495049505, 0.6734006734006733, 0.7646234229641901, 0.9483859201167245, 0.6438831104507181, 0.9461426491994178, 0.9267059814658803, 0.6872852233676976, 0.9771986970684038, 1.9801980198019802, 0.703862660944206, 0.697786333012512, 0.6222775357809583, 1.1310084825636193, 0.4119464469618949, 0.7288629737609329, 0.7518796992481203, 2.5380710659898478, 0.6242197253433208, 0.9139150943396226, 0.5838198498748958, 0.6734006734006733, 1.5, 1.1194029850746268, 0.0, 0.0, 0.4688361831218974, 0.7257448433919022, 1.1198208286674132, 1.809954751131222, 0.41232112539413046, 0.5133470225872689, 0.8670520231213872, 0.5494505494505495, 0.45614035087719296, 0.5530738140821102, 0.5622334238076774, 0.5560189046427579, 0.7051282051282052, 0.364797081623347, 0.39473684210526316, 0.5376344086021506, 0.40816326530612246, 0.4909038406006353, 0.5081300813008129, 0.6104129263913823, 0.31360250882007057, 0.7696862048549438, 0.2936857562408223, 0.211864406779661, 0.49852893102321016, 0.6003925643690105, 0.7149518184644078, 0.436871996505024, 0.51440329218107, 0.5363984674329502, 0.390625, 0.5681818181818182, 0.49292756108015434, 0.63441712926249, 0.4467912266450041, 0.4132231404958678, 0.6260206859009254, 0.6714060031595577, 0.7734806629834254, 1.0752688172043012, 0.6426440211154464, 0.6604474531495088, 0.4811898512685914, 0.8877615726062142, 0.5059631369714492, 0.7849293563579277, 1.0498687664041995, 0.646551724137931, 0.5484598046581518, 0.6144890038809833, 0.5755831566192063, 0.5112910097997444, 0.7522123893805309, 0.5847953216374269, 1.436265709156194, 0.9501187648456058, 0.6514657980456027, 0.6855636123928807, 0.6978367062107467, 0.4534005037783375, 0.7054673721340388, 0.09216589861751152, 0.8695652173913043, 0.3246753246753247, 0.7141128056160736, 0.7419183889772125, 0.2938295788442703, 0.2560819462227913, 0.48638132295719844, 0.6451612903225806, 0.5843071786310517, 0.3616636528028933, 0.4829405714796763, 0.49500237981913375, 0.4317043688482128, 0.49726504226752855, 0.5118726005971846, 0.4290091930541369, 0.2649708532061473, 0.1579778830963665, 0.45427728613569324, 0.40923706518561825, 0.5549263873159683, 0.39005363237445145, 0.5798629414865577, 0.5915701257086516, 0.5379959650302623, 0.4, 0.4591763524178505, 0.5908950775870928, 0.44654939106901215, 0.4306969459671104, 0.5571030640668524, 0.4208481709291033, 0.25041736227045075, 0.9695290858725761, 0.44416849746871717, 0.6148648648648648, 0.5336768494663232, 0.42149631190727077, 0.5044136191677175, 1.415929203539823, 2.0, 0.0, 0.9371833839918946, 0.7467994310099573, 0.49800796812749004, 1.103448275862069, 1.24804992199688, 0.6302521008403361, 0.625, 0.0, 0.8069939475453934, 0.9882352941176471, 1.4102564102564104, 1.8675721561969438, 1.0, 1.256281407035176, 0.0, 0.0, 1.0570824524312896, 0.7088009450679268, 1.353637901861252, 0.9029345372460496, 0.7092198581560284, 0.7380073800738007, 3.0, 2.380952380952381, 0.9841443411700382, 1.061410159211524, 1.0615711252653928, 0.9230769230769231, 0.42075736325385693, 0.4720161834120027, 0.8944543828264758, 0.9876543209876543, 0.703881122299345, 0.6112295664534471, 0.8907823392718823, 0.9549071618037135, 0.8626001232285889, 0.4359197907585004, 0.9732360097323601, 1.282051282051282, 0.6022518984027232, 0.5333823799889644, 0.3482587064676617, 0.7818052594171997, 0.9252120277563608, 0.9029345372460496, 0.2932551319648094, 0.8888888888888888, 0.8161983989954481, 0.7787448465414567, 0.6678809957498483, 0.6968641114982579, 0.9784735812133072, 0.5873715124816447, 0.8032128514056224, 1.1627906976744187, 0.48977853492333906, 0.5122024706236818, 0.6314127861089187, 0.9122006841505131, 0.7038440714672441, 0.9592326139088728, 1.6913319238900635, 1.4792899408284024, 0.8922596475574393, 0.7512787723785166, 0.9381663113006397, 0.9552238805970149, 0.7087172218284904, 0.6237006237006237, 0.2958579881656805, 0.0, 0.7323270064265431, 0.7334450963956413, 0.7484168105929765, 0.7861635220125787, 1.2533572068039391, 0.646830530401035, 1.82370820668693, 1.4218009478672986, 0.7174887892376681, 0.9461235216819973, 0.5689900426742532, 1.1505273250239694, 0.8284023668639053, 0.6600660066006601, 1.4150943396226416, 0.0, 0.7565011820330969, 0.9269162210338682, 1.1484098939929328, 0.8413461538461539, 0.8739076154806492, 0.8933889219773675, 0.5622489959839357, 0.547645125958379, 0.551167433382519, 0.5983545250560958, 0.7307756186679953, 0.48134777376654636, 0.603448275862069, 0.7246376811594203, 0.5422993492407809, 0.7374631268436578, 0.5283408947338195, 0.5832101199277148, 0.5181347150259068, 0.482315112540193, 0.4458161865569273, 0.745920745920746, 0.38461538461538464, 0.7662835249042145, 0.47649078550907437, 0.7335946136066727, 0.6474237928243862, 0.7028504490433425, 0.6934812760055479, 0.5960264900662252, 0.5226480836236934, 0.6993006993006993, 0.6201259043502771, 0.565566223859003, 0.361794500723589, 0.46272493573264784
Sharks, 2.061211742660837, 2.2146507666098807, 1.7326732673267329, 3.7037037037037033, 1.8096087676819166, 1.5684844063468903, 1.733531451213472, 1.8922852983988356, 1.7691659646166806, 1.9473081328751431, 1.6286644951140066, 1.9801980198019802, 1.8025751072961373, 1.85274302213667, 2.3024268823895455, 1.7907634307257305, 1.7507723995880538, 2.186588921282799, 2.631578947368421, 3.0456852791878175, 1.4981273408239701, 1.857311320754717, 2.835696413678065, 2.0202020202020203, 1.7500000000000002, 2.2388059701492535, 0.0, 0.7462686567164178, 1.7926089354660784, 1.8334606569900689, 2.463605823068309, 1.6591251885369533, 1.4795052146495271, 1.7453798767967144, 1.9267822736030826, 2.0604395604395602, 1.6040100250626566, 1.467772814294831, 1.6673129119813883, 1.4178482068390326, 1.5064102564102564, 1.7327861377108982, 1.710526315789474, 1.4336917562724014, 1.3783874205419873, 1.597843873327558, 1.2195121951219512, 1.1131059245960502, 1.293610348882791, 1.5985790408525755, 0.5873715124816447, 2.330508474576271, 1.1605099705786204, 1.3393372589770236, 1.2433944668946224, 1.529051987767584, 1.7489711934156378, 1.4559386973180077, 1.3671875, 0.5681818181818182, 1.307329618516931, 1.443298969072165, 1.1372867587327375, 1.770956316410862, 0.40827436037016873, 0.2764612954186414, 0.22099447513812157, 0.6144393241167435, 0.25246729400963963, 0.2724345744241724, 0.45931758530183725, 0.31705770450221943, 0.43368268883267075, 0.3663003663003663, 0.13123359580052493, 0.21551724137931033, 0.3606311044327573, 0.301854247520483, 0.36352620418055137, 0.42607584149978694, 0.35398230088495575, 0.3898635477582846, 0.3590664272890485, 0.7125890736342043, 0.28850628199162404, 0.3295978905735003, 0.31402651779483604, 0.7556675062972292, 0.11757789535567313, 0.3686635944700461, 0.21739130434782608, 0.0, 0.2420721374969741, 0.2826355767532238, 0.2448579823702253, 0.12804097311139565, 0.24859489840034585, 0.2457757296466974, 0.20868113522537562, 0.18083182640144665, 0.2258194338863301, 0.21894336030461684, 0.2503885339319634, 0.37294878170064644, 0.27015498364851415, 0.1634320735444331, 0.37095919448860626, 0.3949447077409162, 0.22713864306784662, 0.2756086357372531, 0.20385050962627407, 0.17877458150495693, 0.316288877174486, 0.3450825733300468, 0.26899798251513113, 0.8, 0.24393743722198308, 0.2106669407049635, 0.2435723951285521, 0.2153484729835552, 0.3714020427112349, 0.22661055357720947, 0.333889816360601, 0.41551246537396125, 0.22924825675804758, 0.1554054054054054, 0.12881854987118146, 0.18440463645943098, 3.1525851197982346, 1.9469026548672566, 0.5, 3.4013605442176873, 2.1529888551165146, 2.453769559032717, 2.1912350597609564, 1.6551724137931034, 1.87207488299532, 1.4705882352941175, 3.75, 1.7094017094017095, 2.42098184263618, 2.7294117647058824, 3.205128205128205, 2.886247877758913, 1.7999999999999998, 3.2663316582914574, 3.1746031746031744, 2.272727272727273, 2.3255813953488373, 2.835203780271707, 1.8612521150592216, 2.4830699774266365, 0.4728132387706856, 2.952029520295203, 4.0, 1.1904761904761905, 1.913613996719519, 2.1986353297952994, 1.910828025477707, 2.4615384615384617, 1.262272089761571, 1.5509103169251517, 1.7889087656529516, 2.7160493827160495, 1.7694789324469644, 1.62046908315565, 1.8202943454686291, 2.440318302387268, 1.8484288354898337, 1.8308631211857016, 2.4330900243309004, 3.205128205128205, 1.7805708300602252, 2.078352032370793, 1.6417910447761193, 1.8479033404406537, 1.6962220508866617, 1.580135440180587, 0.8797653958944283, 0.8888888888888888, 1.71087741327892, 2.221713238662391, 2.0036429872495445, 2.177700348432056, 2.054794520547945, 1.4684287812041115, 4.016064257028113, 2.3255813953488373, 1.7248722316865417, 1.7173847544441094, 1.7363851617995265, 1.4823261117445838, 0.48727666486193827, 0.3996802557953637, 0.42283298097251587, 1.183431952662722, 0.42382333258978366, 0.4475703324808184, 0.4690831556503198, 0.5970149253731344, 0.42523033309709424, 0.31185031185031187, 0.2958579881656805, 0.411522633744856, 0.35869077865789867, 0.3143336127409891, 0.5757052389176741, 0.39308176100628933, 0.35810205908683973, 0.517464424320828, 0.303951367781155, 0.9478672985781991, 0.28699551569506726, 0.49934296977660975, 0.6401137980085349, 0.38350910834132307, 0.7100591715976331, 0.16501650165016502, 0.4716981132075472, 0.0, 0.4964539007092199, 0.5704099821746881, 0.26501766784452296, 0.2403846153846154, 0.27049521431543905, 0.23823704586063135, 0.5622489959839357, 0.21905805038335158, 0.3298324798194601, 0.34280727998005484, 0.38199634612190664, 0.3369434416365824, 0.22988505747126436, 0.24154589371980675, 0.6507592190889371, 0.5899705014749262, 0.26417044736690976, 0.41071135206177095, 0.30224525043177897, 0.19292604501607716, 0.51440329218107, 0.27972027972027974, 0.38461538461538464, 1.1494252873563218, 0.3083175670941069, 0.2512310320570797, 0.2967359050445104, 0.3904724716907458, 0.3236245954692557, 0.3973509933774834, 0.6968641114982579, 0.0, 0.2724795640326975, 0.2235959489675128, 0.21707670043415342, 0.15424164524421594
Roosters, 1.8738288569643973, 1.8739352640545146, 1.4851485148514851, 1.6835016835016834, 1.54199056964445, 1.8420572679190224, 1.733531451213472, 1.6011644832605532, 1.6849199663016006, 1.8327605956471937, 1.9543973941368076, 2.4752475247524752, 1.5793991416309012, 1.6361886429258903, 1.4312383322962041, 1.3195098963242224, 6.385169927909372, 7.142857142857142, 7.518796992481203, 10.65989847715736, 6.824802330420308, 7.340801886792453, 7.6730608840700585, 7.968574635241302, 5.75, 8.395522388059701, 7.653061224489796, 8.955223880597014, 6.867071152785438, 7.4866310160427805, 5.375139977603583, 8.89894419306184, 1.1884550084889642, 1.9164955509924708, 1.5414258188824663, 0.9615384615384616, 1.2781954887218046, 1.4748635042189606, 1.4928266770065917, 1.4456491520711705, 1.1217948717948718, 1.1855905152758779, 1.1842105263157896, 1.6129032258064515, 1.1575777852124456, 1.3668303012802, 1.321138211382114, 1.2567324955116697, 6.3112504900039195, 5.920663114268798, 5.4331864904552125, 9.745762711864407, 5.966001961425302, 6.488858099526613, 6.5899906745414984, 7.383136740934907, 5.761316872427984, 5.977011494252873, 6.25, 5.681818181818182, 5.529361337333905, 6.4710547184774, 6.092607636068237, 5.312868949232586, 1.6875340228633642, 2.6856240126382307, 2.541436464088398, 1.9969278033794162, 1.5205416571035115, 1.8162304961611493, 1.6622922134733158, 1.8072289156626504, 1.554029634983737, 1.5698587127158554, 2.099737532808399, 3.0172413793103448, 1.3298271975957925, 1.7680034497628287, 1.393517116025447, 1.7469109501491265, 5.707964601769912, 7.732293697205978, 9.874326750448834, 8.551068883610451, 6.365751512331316, 6.644693473961767, 6.66434054431263, 7.304785894206549, 6.878306878306878, 7.557603686635944, 8.26086956521739, 7.792207792207792, 5.846042120551925, 6.818583289171524, 6.072477962781587, 6.9142125480153656, 1.297016861219196, 1.7511520737327189, 1.3772954924874792, 1.4466546112115732, 1.1559272011805213, 1.3549103601459622, 1.1828699706441028, 1.4669318746892095, 1.0948386179439784, 1.5321756894790604, 1.377848436671966, 2.2906793048973144, 1.2595870206489677, 1.4615609470914936, 1.2231030577576443, 1.3976921826751179, 5.781057810578106, 6.285432585654424, 4.640215198386012, 6.0, 5.696656622183958, 5.919227212002878, 5.967523680649527, 6.323414252153485, 5.478180129990715, 6.312722563936549, 6.51085141903172, 5.540166204986149, 5.210621835896456, 5.993243243243243, 5.778432094221568, 6.454162276080084, 1.3871374527112232, 1.592920353982301, 1.0, 4.081632653061225, 2.1023302938196555, 2.3115220483641536, 2.589641434262948, 1.5172413793103448, 2.3400936037441498, 1.4705882352941175, 3.75, 1.7094017094017095, 1.815736381977135, 2.541176470588235, 1.5384615384615385, 1.697792869269949, 10.0, 9.798994974874372, 7.936507936507936, 12.5, 7.653276955602537, 9.509746012994684, 8.460236886632826, 6.772009029345373, 9.929078014184398, 11.808118081180812, 12.0, 8.333333333333332, 7.927829414980864, 9.931766489764973, 7.643312101910828, 10.461538461538462, 1.8700327255726974, 1.9554956169925826, 1.6100178890876566, 2.4691358024691357, 1.5446280183791181, 1.8336886993603412, 1.39426800929512, 1.8037135278514589, 1.8484288354898337, 1.8308631211857016, 1.9464720194647203, 2.2435897435897436, 1.5841843414506416, 1.7840720985837777, 1.5920398009950247, 2.2032693674484722, 6.553585196607556, 7.674943566591422, 5.865102639296188, 7.111111111111111, 6.780725160885262, 7.398076042143839, 5.646630236794172, 7.578397212543554, 6.457925636007827, 8.81057268722467, 8.433734939759036, 5.813953488372093, 7.1763202725724025, 7.140705031636036, 6.550907655880031, 7.525655644241732, 2.2198159177043855, 2.0783373301358914, 2.536997885835095, 3.5502958579881656, 2.063350434976578, 2.1099744245524295, 1.791044776119403, 2.208955223880597, 1.9135364989369241, 2.9106029106029108, 1.4792899408284024, 1.646090534979424, 2.0475265281721713, 2.032690695725063, 2.072538860103627, 2.358490566037736, 6.714413607878246, 9.573091849935317, 10.33434650455927, 9.95260663507109, 7.7847533632287, 9.145860709592641, 7.965860597439544, 8.916586768935762, 7.928994082840236, 8.415841584158416, 5.188679245283019, 7.971014492753622, 7.494089834515366, 8.663101604278074, 7.597173144876325, 6.730769230769231, 1.8518518518518516, 2.2930315664085765, 2.0883534136546187, 1.7524644030668126, 1.5623643780921797, 1.8823236100723013, 1.179206111941538, 1.4681107099879662, 1.752873563218391, 2.13365539452496, 2.0607375271149677, 2.2123893805309733, 1.3955091023947626, 1.6510596352883193, 1.4248704663212435, 1.5755627009646302, 7.133058984910837, 6.526806526806526, 5.769230769230769, 6.130268199233716, 6.797000910938267, 7.205305999397045, 6.582141893714594, 6.794221007418977, 6.657420249653259, 7.6158940397351, 7.317073170731707, 7.925407925407925, 6.5770929249271814, 7.299750098645272, 6.2228654124457305, 6.272493573264781
Raiders, 1.2492192379762648, 1.0221465076660987, 0.9900990099009901, 0.6734006734006733, 0.8028545941123997, 1.2584351632318074, 0.7429420505200593, 1.3100436681222707, 1.1794439764111204, 0.8018327605956471, 1.6286644951140066, 0.9900990099009901, 1.0128755364806867, 1.082771896053898, 1.057871810827629, 1.1310084825636193, 1.235839340885685, 1.0204081632653061, 3.007518796992481, 2.5380710659898478, 1.2900540990428633, 0.8549528301886792, 1.3344453711426187, 1.122334455667789, 1.0, 0.7462686567164178, 2.0408163265306123, 1.4925373134328357, 0.7722007722007722, 0.9549274255156608, 1.007838745800672, 0.4524886877828055, 0.14552510308028135, 0.06844626967830253, 0.0, 0.0, 0.11027568922305764, 0.15599517833085158, 0.13571151609150833, 0.055601890464275786, 0.09615384615384616, 0.1823985408116735, 0.0, 0.17921146953405018, 0.12713282034125126, 0.0962556550197324, 0.10162601626016261, 0.1436265709156194, 0.1960015680125441, 0.17761989342806395, 0.2936857562408223, 0.0, 0.15527950310559005, 0.19628218450525345, 0.12433944668946223, 0.17474879860200962, 0.15432098765432098, 0.15325670498084293, 0.1953125, 0.5681818181818182, 0.1821688812687527, 0.063441712926249, 0.16246953696181965, 0.05903187721369539, 1.0615133369624388, 1.066350710900474, 0.8839779005524863, 0.30721966205837176, 0.8951113151250861, 0.8007925369437794, 0.8748906386701663, 1.109701965757768, 0.9757860498735091, 0.9942438513867086, 1.4435695538057742, 1.293103448275862, 0.9391435011269721, 0.8193186718413108, 0.7270524083611027, 1.2356199403493822, 1.0176991150442478, 0.9096816114359974, 1.0771992818671454, 1.187648456057007, 0.9865053513261982, 0.949241924851681, 1.0118632240055827, 1.057934508816121, 0.940623162845385, 1.0138248847926268, 0.8695652173913043, 0.6493506493506493, 0.8835633018639554, 0.971559795089207, 0.9794319294809012, 0.6402048655569782, 0.11889321227842628, 0.1382488479262673, 0.20868113522537562, 0.06027727546714888, 0.11849930689084649, 0.10153894970648897, 0.10360904852357104, 0.13674788662357037, 0.213280250248827, 0.18386108273748722, 0.10598834128245893, 0.07898894154818326, 0.1415929203539823, 0.12527665260784232, 0.1245753114382786, 0.11376564277588168, 0.21085925144965736, 0.1971900419028839, 0.13449899125756556, 0.0, 0.1327306643707849, 0.11304079745144385, 0.10825439783491206, 0.15661707126076743, 0.16248839368616527, 0.2589834898025251, 0.08347245409015025, 0.13850415512465375, 0.09552010698251982, 0.06081081081081081, 0.11041589988958411, 0.07903055848261328, 1.7654476670870116, 1.7699115044247788, 3.0, 0.6802721088435374, 1.2411347517730498, 1.4580369843527738, 1.8924302788844622, 1.9310344827586208, 1.40405616224649, 2.73109243697479, 3.125, 0.8547008547008548, 1.21049092131809, 1.647058823529412, 1.0256410256410255, 1.5280135823429541, 1.7999999999999998, 1.7587939698492463, 3.1746031746031744, 2.272727272727273, 1.437632135306554, 1.4766686355581808, 1.6920473773265652, 1.3544018058690745, 1.6548463356973995, 0.7380073800738007, 3.0, 1.1904761904761905, 1.202843083652269, 1.288855193328279, 1.2738853503184715, 1.5384615384615385, 0.1402524544179523, 0.06743088334457181, 0.17889087656529518, 0.49382716049382713, 0.1955225339720403, 0.09950248756218905, 0.1549186676994578, 0.15915119363395225, 0.12322858903265559, 0.17436791630340018, 0.7299270072992701, 0.0, 0.17020162346163917, 0.1103549751701306, 0.1492537313432836, 0.14214641080312723, 0.0, 0.33860045146726864, 0.0, 0.0, 0.21974572280646681, 0.320659642693541, 0.18214936247723132, 0.5226480836236934, 0.0, 0.14684287812041116, 0.0, 0.0, 0.2555366269165247, 0.15064778547755348, 0.07892659826361484, 0.22805017103762829, 1.6242555495397943, 1.6786570743405276, 1.0570824524312896, 1.4792899408284024, 1.3606959625250947, 1.2468030690537084, 1.1940298507462688, 1.1343283582089554, 1.1339475549255846, 0.9355509355509356, 2.0710059171597637, 0.0, 1.016290539530713, 1.341156747694887, 1.381692573402418, 1.022012578616352, 1.342882721575649, 1.423027166882277, 0.303951367781155, 0.47393364928909953, 1.1659192825112108, 1.1826544021024967, 1.209103840682788, 1.4381591562799616, 0.9467455621301776, 1.3201320132013201, 0.9433962264150944, 2.898550724637681, 1.0401891252955082, 1.3903743315508021, 0.88339222614841, 0.9615384615384616, 0.20807324178110698, 0.02977963073257892, 0.321285140562249, 0.10952902519167579, 0.160576338859474, 0.18075292944402893, 0.06643414715163594, 0.2888086642599278, 0.45977011494252873, 0.24154589371980675, 0.10845986984815618, 0.0, 0.18951358180669614, 0.10678495153606045, 0.19430051813471502, 0.1607717041800643, 0.1371742112482853, 0.1864801864801865, 0.0, 0.19157088122605362, 0.1471515661130965, 0.19093558436338057, 0.10790396547073104, 0.1952362358453729, 0.3236245954692557, 0.1986754966887417, 0.0, 0.2331002331002331, 0.15033355256976416, 0.23674865184795477, 0.1808972503617945, 0.051413881748071974
Manly, 0.5621486570893192, 2.385008517887564, 1.2376237623762376, 3.0303030303030303, 0.4970052249267236, 2.6080612803209924, 0.5943536404160475, 3.566229985443959, 0.5897219882055602, 2.86368843069874, 0.32573289902280134, 3.9603960396039604, 0.5150214592274678, 2.6948989412897015, 0.6845052893590542, 2.4505183788878417, 0.10298661174047373, 2.9154518950437316, 1.1278195488721803, 2.5380710659898478, 0.5409904286308781, 2.7712264150943398, 0.5838198498748958, 2.8058361391694726, 0.625, 2.425373134328358, 1.530612244897959, 5.223880597014925, 0.35852178709321564, 2.864782276546982, 0.4479283314669653, 3.0165912518853695, 0.3395585738539898, 2.5667351129363447, 0.1926782273603083, 2.7472527472527473, 0.31077694235588976, 2.297383535417996, 0.4846839860411012, 2.307478454267445, 0.6730769230769231, 2.2343821249430005, 0.5263157894736842, 3.584229390681003, 0.32786885245901637, 1.9732409279045144, 0.3302845528455285, 1.9748653500897666, 0.3528028224225794, 2.664298401420959, 0.2936857562408223, 2.9661016949152543, 0.35959463877084014, 2.1244659969980373, 0.3419334783960211, 2.5338575797291396, 0.720164609053498, 1.839080459770115, 0.78125, 1.9886363636363635, 0.40720102871838837, 1.887390959555908, 0.3249390739236393, 2.479338842975207, 0.5715841045182363, 2.8041074249605056, 0.5524861878453038, 3.3794162826420893, 0.48772090888225844, 2.476677949310658, 0.5686789151356081, 2.9486366518706406, 0.46982291290205996, 3.6630036630036633, 0.6561679790026247, 3.2327586206896552, 0.5334335086401202, 2.716688227684347, 0.6664647076643442, 3.1529612270984235, 0.5752212389380531, 2.2092267706302793, 0.0, 2.137767220902613, 0.5863192182410424, 2.4126565589980222, 0.48848569434752265, 3.0730478589420653, 0.1763668430335097, 3.225806451612903, 0.6521739130434783, 4.870129870129871, 0.5083514887436456, 2.3317435082140965, 0.4407443682664055, 3.1370038412291934, 0.44314742758322523, 2.0122887864823347, 0.5843071786310517, 2.591922845087402, 0.33761123283995886, 2.1481834047279076, 0.27629079606285617, 2.262555942317255, 0.426560500497654, 2.390194075587334, 0.37095919448860626, 1.9747235387045814, 0.4041297935103245, 2.133878982753581, 0.39637599093997733, 2.080286039330408, 0.36900369003690037, 2.1937392161695835, 0.4707464694014795, 1.9, 0.3156837422872722, 2.0193196999280647, 0.3924221921515561, 1.957713390759593, 0.2321262766945218, 1.7805114923923602, 0.1669449081803005, 2.21606648199446, 0.3390963797879454, 1.8851351351351349, 0.49687154950312845, 2.1338250790305584, 0.5044136191677175, 5.132743362831858, 1.5, 6.122448979591836, 0.6585612968591692, 3.44950213371266, 0.9960159362549801, 3.8620689655172415, 0.31201248049922, 3.7815126050420167, 0.0, 3.418803418803419, 0.8069939475453934, 3.1058823529411765, 0.5128205128205128, 3.5653650254668934, 0.8, 2.763819095477387, 0.0, 3.4090909090909087, 0.5496828752642706, 3.662138216184288, 0.338409475465313, 3.3860045146726865, 0.4728132387706856, 3.3210332103321036, 0.0, 8.333333333333332, 0.38272279934390374, 3.184230477634572, 0.21231422505307856, 2.769230769230769, 0.42075736325385693, 3.3715441672285906, 0.5366726296958855, 4.691358024691358, 0.43992570143709064, 2.7292110874200426, 0.69713400464756, 3.183023872679045, 0.5545286506469501, 3.4873583260680032, 0.9732360097323601, 2.564102564102564, 0.589159465828751, 2.5197719330513153, 0.3980099502487562, 3.1982942430703627, 0.6168080185042405, 2.8216704288939054, 0.8797653958944283, 5.777777777777778, 0.5022759378433527, 2.7943197434722857, 0.607164541590771, 2.7003484320557494, 0.7827788649706457, 2.4963289280469896, 0.0, 3.488372093023256, 0.4045996592844974, 2.5308827960228983, 0.7892659826361484, 2.0524515393386547, 0.9204114780725501, 3.4372501998401277, 1.4799154334038054, 4.142011834319527, 0.5688155253178675, 3.420716112531969, 0.6823027718550106, 4.059701492537314, 0.3543586109142452, 2.494802494802495, 1.183431952662722, 4.526748971193416, 0.46330892243311905, 3.080469404861693, 0.690846286701209, 2.515723270440252, 0.8057296329453895, 3.4928848641655885, 0.911854103343465, 3.7914691943127963, 0.5022421524663677, 2.9960578186596583, 0.8534850640113799, 4.314477468839885, 0.35502958579881655, 2.8052805280528053, 0.9433962264150944, 1.4492753623188406, 0.6619385342789598, 3.0659536541889483, 0.441696113074205, 3.3653846153846154, 0.7282563462338744, 2.233472304943419, 0.48192771084337355, 2.3001095290251916, 0.481729016578422, 2.480678135128397, 0.4650390300614516, 2.478941034897714, 0.3735632183908046, 2.2946859903381642, 0.43383947939262474, 3.5398230088495577, 0.48239820823522656, 2.7189091506489236, 0.5613126079447324, 3.247588424437299, 0.2743484224965706, 2.470862470862471, 0.38461538461538464, 2.2988505747126435, 0.37838974143367665, 2.6429504572404783, 0.5395198273536552, 3.0456852791878175, 0.36985668053629217, 2.5827814569536423, 0.34843205574912894, 1.8648018648018647, 0.5355632810297849, 2.6173878732079445, 0.3979739507959479, 2.776349614395887
Panthers, 7.807620237351655, 8.091993185689947, 8.663366336633663, 9.427609427609427, 7.200203899579457, 7.751231077877074, 8.618127786032689, 9.243085880640466, 8.508845829823084, 8.018327605956472, 12.052117263843648, 5.9405940594059405, 8.274678111587983, 7.868142444658326, 8.711885500933416, 7.351555136663525, 2.265705458290422, 1.8950437317784257, 1.8796992481203008, 1.5228426395939088, 1.8726591760299627, 1.7393867924528301, 2.0016680567139282, 1.5712682379349048, 2.125, 3.3582089552238807, 0.5102040816326531, 2.9850746268656714, 2.151130722559294, 1.413292589763178, 1.2318029115341544, 1.206636500754148, 6.9852049478535045, 7.049965776865161, 6.551059730250482, 7.280219780219781, 6.491228070175438, 6.771608877543785, 6.494765412950756, 6.644425910480957, 7.147435897435897, 8.025535795713633, 4.605263157894736, 6.272401433691756, 6.918701906992306, 7.113292905958225, 6.453252032520325, 7.253141831238779, 1.5680125441003527, 1.7169923031379515, 2.2026431718061676, 2.11864406779661, 1.6426936907486107, 1.5356194434822767, 1.3677339135840845, 1.3543031891655744, 1.594650205761317, 1.3793103448275863, 1.7578125, 2.556818181818182, 1.4037719674239177, 1.4115781126090405, 1.5028432168968318, 1.8890200708382525, 7.376156777354383, 7.622432859399685, 8.176795580110499, 6.912442396313365, 7.028918980950196, 6.720052835796252, 7.130358705161854, 7.482561826252378, 7.083483917600289, 7.9539508110936685, 6.4304461942257225, 7.327586206896551, 7.250187828700224, 6.985769728331177, 7.452287185701302, 6.945036216446527, 2.1238938053097343, 1.8843404808317088, 2.154398563734291, 0.7125890736342043, 1.6845044206607724, 1.7270929466051417, 1.8143754361479414, 1.712846347607053, 1.4697236919459142, 1.7511520737327189, 2.1739130434782608, 2.922077922077922, 1.6581941418542725, 1.6781487369722663, 1.7140058765915769, 2.3047375160051216, 6.409424989191526, 6.236559139784946, 6.385642737896494, 6.871609403254973, 6.092653042972768, 6.038394415357766, 6.173372474529442, 6.079065141720537, 6.071377790416607, 6.108273748723187, 7.737148913619501, 5.766192733017378, 5.9734513274336285, 6.301415626174468, 6.126840317100793, 6.305867056720299, 1.4232999472851873, 1.6021690904609316, 1.3449899125756557, 1.3, 1.2232745013631798, 1.4592539307368206, 1.5020297699594045, 1.389976507439311, 1.5784586815227482, 1.3272903852379412, 1.335559265442404, 0.8310249307479225, 1.4232495940395453, 1.4662162162162162, 1.5458225984541774, 1.60695468914647, 10.592686002522068, 9.91150442477876, 10.0, 6.122448979591836, 9.498480243161096, 10.31294452347084, 10.458167330677291, 11.172413793103448, 9.82839313572543, 8.61344537815126, 7.5, 9.401709401709402, 10.490921318090114, 9.08235294117647, 8.974358974358974, 9.168081494057725, 3.4000000000000004, 2.0100502512562812, 1.5873015873015872, 1.1363636363636365, 1.522198731501057, 2.5398700531600706, 2.5380710659898478, 2.0316027088036117, 1.4184397163120568, 1.107011070110701, 3.0, 3.571428571428571, 1.913613996719519, 2.9567854435178167, 1.6985138004246285, 3.3846153846153846, 9.069658719027583, 8.22656776803776, 9.123434704830053, 8.395061728395062, 8.065304526346662, 7.590618336886994, 7.900852052672347, 7.480106100795755, 7.8866296980899575, 10.113339145597209, 7.542579075425791, 11.858974358974358, 7.763812516365541, 7.871988228802648, 8.159203980099502, 8.742004264392325, 2.235929067077872, 2.8216704288939054, 1.7595307917888565, 1.7777777777777777, 2.0561921205462252, 1.6491067338524967, 1.8214936247723135, 2.8745644599303137, 2.3483365949119372, 2.2026431718061676, 2.0080321285140563, 4.069767441860465, 2.086882453151618, 1.8379029828261524, 2.44672454617206, 1.596351197263398, 9.853817000541419, 9.272581934452438, 9.725158562367865, 7.396449704142012, 8.309167967878652, 8.072250639386189, 8.443496801705756, 8.358208955223882, 9.709425939050318, 9.563409563409564, 12.1301775147929, 10.2880658436214, 8.369451502017636, 8.319362950544845, 9.844559585492227, 9.669811320754718, 2.775290957923008, 1.8111254851228977, 1.21580547112462, 1.8957345971563981, 1.7757847533632287, 2.049934296977661, 2.631578947368421, 1.9175455417066156, 2.8402366863905324, 2.8052805280528053, 2.358490566037736, 2.1739130434782608, 2.4113475177304964, 2.2103386809269163, 1.9434628975265018, 2.043269230769231, 7.698709945900957, 7.4151280524121495, 6.345381526104418, 8.32420591456736, 7.052339206666088, 6.687858389429071, 7.639926922438134, 7.099879663056559, 6.781609195402299, 8.011272141706923, 7.592190889370933, 6.784660766961652, 7.528857749956928, 7.409232791194349, 7.081174438687392, 7.363344051446945, 1.8518518518518516, 1.724941724941725, 1.6666666666666667, 2.2988505747126435, 1.6537033144138462, 1.6380263290121595, 1.942271378473159, 1.8742678641155797, 1.4794267221451687, 2.5165562913907285, 1.9163763066202089, 2.331002331002331, 1.8227943249083907, 1.5520189398921478, 1.7366136034732274, 1.6966580976863752
Warriors, 1.061836352279825, 0.9369676320272573, 1.7326732673267329, 1.3468013468013467, 0.9175481075570282, 1.2584351632318074, 1.337295690936107, 0.8733624454148471, 4.633529907329402, 3.436426116838488, 6.188925081433225, 3.9603960396039604, 3.9484978540772535, 4.4513955726660255, 4.729309271935283, 4.71253534401508, 1.4418125643666324, 0.7288629737609329, 1.5037593984962405, 0.5076142131979695, 0.8947149396587599, 1.1497641509433962, 1.2510425354462051, 1.0101010101010102, 4.625, 5.223880597014925, 3.061224489795918, 5.970149253731343, 4.522890237175951, 5.309396485867074, 5.93505039193729, 5.128205128205128, 1.1156924569488236, 1.0609171800136894, 0.5780346820809248, 1.2362637362637363, 0.9223057644110275, 0.9785152095298874, 0.8336564559906942, 0.9452321378926885, 4.07051282051282, 4.605563155494756, 4.605263157894736, 3.763440860215054, 3.7403813984610235, 4.244874386370199, 3.760162601626017, 3.8779174147217237, 0.901607212857703, 1.0657193605683837, 1.1747430249632893, 1.059322033898305, 0.8581235697940504, 0.9352268791132663, 0.8082064034815045, 1.1358671909130624, 4.78395061728395, 5.440613026819923, 3.515625, 3.977272727272727, 4.0934419202743255, 4.203013481363997, 3.899268887083672, 4.191263282172373, 0.8982035928143712, 0.6714060031595577, 1.1049723756906076, 1.3824884792626728, 1.032820748221253, 0.8750928754230992, 1.0717410323709538, 1.046290424857324, 5.023491145645103, 3.5583464154892726, 3.937007874015748, 4.310344827586207, 3.9293764087152514, 4.409228115567055, 3.6655558921538924, 4.516403919897742, 0.9734513274336283, 0.8447043534762833, 0.5385996409335727, 1.4251781472684086, 0.8748255002326664, 1.1338167435728412, 0.5931612002791348, 1.0075566750629723, 4.5855379188712515, 4.516129032258064, 5.869565217391305, 3.896103896103896, 3.848946986201888, 4.32785726903374, 4.603330068560235, 4.99359795134443, 0.9619541720709036, 0.9062980030721967, 0.9181969949916527, 0.9041591320072333, 0.7378258730939499, 0.8694272568618119, 0.7857019513037472, 0.7583291894579811, 3.9101379212284946, 3.758937691521961, 3.1796502384737675, 3.949447077409163, 3.2271386430678466, 3.407524950933311, 3.47678369195923, 3.9167885584267834, 0.9664382358109295, 0.9859502095144196, 0.605245460659045, 0.8, 0.785622040464916, 0.7553180556982838, 0.6089309878213802, 0.822239624119029, 3.5515320334261835, 3.8200064745872453, 2.7545909849749584, 3.4626038781163437, 3.362307765784698, 3.432432432432433, 3.790945896209054, 2.8187565858798735, 1.7654476670870116, 1.415929203539823, 0.0, 3.4013605442176873, 1.089159067882472, 1.209103840682788, 1.294820717131474, 1.6551724137931034, 5.30421216848674, 5.6722689075630255, 2.5, 6.837606837606838, 5.615332885003363, 5.270588235294118, 7.435897435897436, 5.093378607809847, 2.6, 1.507537688442211, 1.5873015873015872, 1.1363636363636365, 0.9302325581395349, 1.1222681630242175, 1.1844331641285957, 1.1286681715575622, 5.4373522458628845, 9.59409594095941, 2.0, 3.571428571428571, 6.178239475123018, 5.155420773313116, 5.095541401273886, 4.615384615384616, 1.0752688172043012, 1.7532029669588671, 1.7889087656529516, 1.9753086419753085, 1.1731352038322418, 1.2508884150675197, 1.39426800929512, 0.8488063660477453, 4.251386321626617, 4.446381865736704, 5.59610705596107, 6.089743589743589, 4.883477350091647, 4.984366378517565, 4.328358208955224, 5.828002842928217, 1.6962220508866617, 1.3544018058690745, 1.466275659824047, 2.666666666666667, 0.9103751373410768, 0.8932661475034357, 1.3357619914996965, 0.9581881533101044, 5.6751467710371815, 4.1116005873715125, 4.016064257028113, 5.232558139534884, 4.38671209540034, 4.971376920759265, 4.814522494080506, 5.473204104903079, 1.0828370330265296, 1.4388489208633095, 1.2684989429175475, 3.2544378698224854, 1.182244033013607, 1.3267263427109974, 1.1087420042643923, 1.373134328358209, 6.307583274273565, 6.756756756756757, 5.621301775147929, 3.292181069958848, 5.021670901210581, 5.490360435875942, 4.778353483016695, 5.1100628930817615, 1.432408236347359, 1.1642949547218628, 1.82370820668693, 2.3696682464454977, 1.1659192825112108, 1.0512483574244416, 1.849217638691323, 1.5340364333652923, 5.9171597633136095, 5.9405940594059405, 5.188679245283019, 2.898550724637681, 4.515366430260047, 5.062388591800357, 6.007067137809187, 6.971153846153847, 1.1444028297960882, 1.0125074449076832, 0.8032128514056224, 1.3143483023001095, 0.8289211005989063, 1.0284218399401646, 0.9134695233349942, 1.203369434416366, 4.42528735632184, 4.428341384863124, 4.8806941431670285, 4.572271386430678, 4.387526560615632, 4.1810415639888285, 4.576856649395509, 4.855305466237942, 1.3031550068587106, 1.118881118881119, 0.7692307692307693, 0.5747126436781609, 0.9669960058860626, 0.964727163099186, 1.1869436201780417, 1.2495119094103866, 3.929727230698105, 4.56953642384106, 4.70383275261324, 5.594405594405594, 4.32208963638072, 4.393002762067605, 4.703328509406656, 4.730077120822622
Broncos, 2.623360399750156, 3.2367972742759794, 4.702970297029703, 1.6835016835016834, 2.880081559831783, 3.1187306219223054, 2.5755324418028724, 3.6390101892285296, 0.33698399326032014, 0.45819014891179843, 0.32573289902280134, 0.9900990099009901, 0.4463519313304721, 0.4571703561116458, 0.3111387678904792, 0.2827521206409048, 2.47167868177137, 2.478134110787172, 1.5037593984962405, 3.5532994923857872, 2.4760715771951727, 2.94811320754717, 3.5029190992493744, 3.254769921436588, 0.25, 0.3731343283582089, 0.0, 0.0, 0.3309431880860452, 0.5729564553093965, 0.33594624860022393, 0.301659125188537, 2.231384913897647, 2.4982888432580426, 3.6608863198458574, 3.159340659340659, 2.030075187969925, 2.2406580160249594, 2.2877084141139976, 2.2240756185710318, 0.3205128205128205, 0.045599635202918376, 0.6578947368421052, 0.35842293906810035, 0.428236868517899, 0.36577148907498314, 0.48272357723577236, 0.2872531418312388, 2.116816934535476, 2.3682652457075193, 2.7900146842878124, 2.754237288135593, 2.198430859758091, 2.2052880729707884, 2.51787379546161, 2.3591087811271296, 0.360082304526749, 0.38314176245210724, 1.171875, 0.5681818181818182, 0.3857693956279469, 0.5233941316415542, 0.487408610885459, 0.4132231404958678, 2.7218290691344587, 2.764612954186414, 2.8729281767955803, 3.686635944700461, 2.3927014000459033, 2.7986460827210435, 2.3840769903762027, 1.9340519974635384, 0.21684134441633537, 0.3139717425431711, 0.26246719160104987, 0.646551724137931, 0.33809166040571, 0.42043984476067264, 0.27264465313541353, 0.3834682573498083, 2.3893805309734515, 2.6640675763482777, 2.6929982046678633, 0.9501187648456058, 2.419730107026524, 2.6367831245880025, 2.372644801116539, 2.4181360201511333, 0.29394473838918284, 0.4608294930875576, 0.21739130434782608, 1.6233766233766231, 0.38731541999515856, 0.4592828122239887, 0.2938295788442703, 0.3201024327784891, 1.9022913964548205, 1.9969278033794162, 1.8781302170283807, 2.049427365883062, 1.815498815006931, 1.9958749801681739, 2.0462787083405285, 2.150671307807061, 0.19906156689890514, 0.36772216547497444, 0.4239533651298357, 0.315955766192733, 0.31268436578171094, 0.34242285046143567, 0.16987542468856173, 0.2762879895985698, 1.968019680196802, 2.0951441952181415, 2.151983860121049, 1.7000000000000002, 1.8976897689768977, 1.8857260302127223, 2.219215155615697, 1.7227877838684416, 0.20891364902506965, 0.2589834898025251, 0.25041736227045075, 0.13850415512465375, 0.24835227815455155, 0.3783783783783784, 0.2760397497239602, 0.4741833508956797, 4.16141235813367, 3.0088495575221237, 3.0, 3.4013605442176873, 2.5835866261398177, 3.2716927453769555, 3.5856573705179287, 4.0, 0.7800312012480499, 0.21008403361344538, 1.25, 0.0, 0.4371217215870881, 0.5647058823529412, 0.5128205128205128, 1.0186757215619695, 3.8, 4.271356783919598, 3.1746031746031744, 4.545454545454546, 2.9175475687103596, 3.307737743650325, 4.737732656514383, 5.417607223476298, 0.2364066193853428, 0.7380073800738007, 0.0, 1.1904761904761905, 0.4920721705850191, 0.6823351023502654, 1.0615711252653928, 0.3076923076923077, 2.337540906965872, 2.6972353337828725, 2.3255813953488373, 2.4691358024691357, 2.5613451950337276, 2.700781805259417, 2.827265685515105, 3.023872679045093, 0.7393715341959335, 0.6974716652136007, 0.48661800486618007, 0.9615384615384616, 0.40586540979313956, 0.643737355159095, 0.24875621890547264, 0.9950248756218906, 3.0069390902081725, 3.0474040632054176, 2.6392961876832843, 2.2222222222222223, 2.621252550619997, 2.908841044434265, 2.792956891317547, 2.7874564459930316, 0.5870841487279843, 0.881057268722467, 1.2048192771084338, 0.5813953488372093, 0.46848381601362865, 0.42181379933714974, 0.23677979479084454, 0.5701254275940707, 2.977801840822956, 3.1974420463629096, 3.5940803382663846, 2.366863905325444, 2.7994646442114655, 3.0210997442455243, 3.3688699360341148, 3.7014925373134324, 0.7795889440113395, 0.7276507276507277, 0.2958579881656805, 0.0, 0.6277088626513226, 0.5238893545683152, 0.28785261945883706, 0.39308176100628933, 2.954341987466428, 3.751617076326003, 3.343465045592705, 3.7914691943127963, 2.780269058295964, 3.5479632063074904, 2.844950213371266, 2.876318312559923, 0.591715976331361, 1.3201320132013201, 0.0, 0.7246376811594203, 0.4018912529550827, 0.4634581105169341, 0.88339222614841, 0.6009615384615385, 2.5593008739076155, 2.73972602739726, 2.7309236947791167, 2.8477546549835706, 2.2437288429823803, 2.486910994764398, 2.059458561700714, 2.7918170878459687, 0.4885057471264368, 0.44283413848631237, 0.10845986984815618, 0.5899705014749262, 0.30437029805317867, 0.41071135206177095, 0.2590673575129534, 0.45016077170418006, 2.709190672153635, 2.797202797202797, 2.6923076923076925, 2.490421455938697, 2.5155910587905543, 2.411817907747965, 2.1041273266792557, 3.1237797735259663, 0.3236245954692557, 0.4635761589403974, 0.8710801393728222, 0.0, 0.40402142253124124, 0.4340391950545837, 0.6150506512301013, 0.7197943444730077
Dragons, 9.494066208619612, 2.8960817717206133, 9.158415841584159, 1.0101010101010102, 8.780425640372117, 2.097391938719679, 8.915304606240714, 2.6200873362445414, 9.182813816343725, 2.405498281786942, 8.469055374592834, 2.4752475247524752, 8.274678111587983, 1.9489894128970164, 8.338518979464842, 2.4505183788878417, 8.753861997940268, 1.8950437317784257, 12.030075187969924, 4.568527918781726, 7.990012484394507, 2.1226415094339623, 9.174311926605505, 3.5914702581369253, 9.875, 2.2388059701492535, 9.183673469387756, 3.731343283582089, 8.16326530612245, 2.3300229182582126, 8.286674132138858, 2.413273001508296, 7.712830463254912, 2.292950034223135, 8.766859344894026, 2.3351648351648353, 6.977443609022556, 1.7655817911082747, 7.444746025591314, 2.168473728106756, 6.730769230769231, 1.1855905152758779, 7.894736842105263, 1.7921146953405016, 6.470391435262629, 1.6459717008374242, 7.596544715447154, 1.8671454219030519, 7.800862406899254, 1.8946121965660152, 8.370044052863436, 2.5423728813559325, 7.208237986270023, 1.7896316822537814, 7.460366801367734, 1.6164263870685889, 7.716049382716049, 1.4559386973180077, 5.46875, 0.5681818181818182, 6.825975139305615, 1.4750198255352893, 7.311129163281885, 2.3022432113341202, 8.165487207403375, 2.0932069510268563, 9.613259668508286, 3.0721966205837172, 8.010098691760385, 1.9813423594485262, 7.895888013998251, 2.346227013316424, 7.806288398988073, 1.8838304552590266, 6.955380577427822, 2.1551724137931036, 7.806160781367392, 2.0051746442432083, 8.300514995455922, 1.7895185342991053, 8.274336283185841, 2.2092267706302793, 8.43806104129264, 1.9002375296912115, 7.3801768264308985, 1.898483849703362, 8.025122121423585, 1.712846347607053, 6.701940035273369, 2.3963133640553, 6.956521739130435, 1.948051948051948, 7.746308399903171, 2.0491079314608727, 7.492654260528893, 1.5364916773367476, 7.349762213575444, 2.0122887864823347, 7.262103505843072, 1.6877637130801686, 6.741045476903815, 1.6246231953038235, 7.2439993092730095, 1.6161113873694681, 6.88184274136215, 1.4708886618998978, 7.366189719130896, 1.6587677725118484, 6.5280235988200594, 1.5993652649601202, 6.6138165345413364, 1.5277100601332683, 6.92321208926375, 1.7993591323638158, 7.128446536650975, 1.6, 6.521739130434782, 1.4798068030007194, 6.332882273342355, 1.4878621769772904, 6.035283194057568, 1.618646811265782, 7.0951585976627705, 2.631578947368421, 6.251791002005922, 1.4459459459459458, 6.66175929333824, 1.36986301369863, 8.575031525851198, 2.47787610619469, 11.5, 6.122448979591836, 10.410334346504559, 2.382645803698435, 11.254980079681275, 2.0689655172413794, 10.60842433697348, 2.73109243697479, 8.125, 3.418803418803419, 9.41492938802959, 3.058823529411765, 10.128205128205128, 2.886247877758913, 8.6, 3.015075376884422, 16.666666666666664, 3.4090909090909087, 9.894291754756871, 2.5398700531600706, 10.152284263959391, 3.3860045146726865, 10.401891252955082, 2.952029520295203, 12.0, 2.380952380952381, 10.005467468562056, 2.6535253980288096, 8.70488322717622, 1.5384615384615385, 11.173445535296867, 2.629804450438301, 10.554561717352415, 1.9753086419753085, 8.417245087496333, 2.0895522388059704, 8.520526723470178, 2.3872679045092835, 9.118915588416513, 2.0052310374891023, 8.51581508515815, 2.8846153846153846, 8.680282796543597, 2.2254919992643, 8.208955223880597, 2.700781805259417, 9.868928296067848, 3.0474040632054176, 8.797653958944283, 2.2222222222222223, 8.25616072830011, 1.809436555199267, 9.168184578020643, 2.6132404181184667, 6.360078277886497, 1.3215859030837005, 10.441767068273093, 2.9069767441860463, 8.68824531516184, 1.8077734257306417, 7.971586424625099, 1.3683010262257698, 10.61180292365999, 2.6378896882494005, 10.14799154334038, 3.8461538461538463, 9.279500334597369, 2.2858056265984654, 9.55223880597015, 2.5074626865671643, 10.276399716513112, 3.0145530145530146, 12.1301775147929, 2.4691358024691357, 8.713196831564789, 2.1584241408214586, 8.578008059873344, 2.20125786163522, 10.026857654431513, 2.975420439844761, 11.854103343465045, 1.8957345971563981, 8.591928251121077, 1.8396846254927726, 8.534850640113797, 2.3010546500479387, 11.242603550295858, 3.1353135313531353, 12.264150943396226, 4.3478260869565215, 9.527186761229315, 2.067736185383244, 8.92226148409894, 2.283653846153846, 8.98876404494382, 2.233472304943419, 9.799196787148594, 1.9715224534501645, 8.111275062928565, 2.019446522064323, 8.104965952499585, 2.2382671480144403, 7.816091954022989, 1.9726247987117553, 7.592190889370933, 1.6224188790560472, 7.666685809452707, 1.9467718087727945, 7.664075993091537, 1.7363344051446947, 8.23045267489712, 2.191142191142191, 9.487179487179487, 1.9157088122605364, 7.792025786560157, 2.0198974977389206, 8.11977340167251, 2.030456852791878, 7.535829865926953, 2.119205298013245, 6.097560975609756, 0.9324009324009324, 7.629427792915531, 1.7887675917401025, 7.742402315484805, 1.4910025706940875
Dolphins, 1.8738288569643973, 3.4071550255536627, 2.4752475247524752, 1.6835016835016834, 7.939339875111508, 7.7694692686485505, 7.776126795443289, 8.224163027656479, 2.1903959561920807, 2.6345933562428407, 0.6514657980456027, 2.4752475247524752, 7.175965665236052, 7.892204042348412, 6.347230864965775, 8.765315739868049, 3.2955715756951593, 2.623906705539359, 1.5037593984962405, 1.015228426395939, 7.490636704119851, 6.9575471698113205, 6.755629691409508, 10.1010101010101, 2.875, 2.0522388059701493, 3.061224489795918, 2.9850746268656714, 6.97738554881412, 7.792207792207792, 7.950727883538635, 6.485671191553545, 1.697792869269949, 1.642710472279261, 1.2524084778420037, 2.8846153846153846, 6.5664160401002505, 7.310501311777635, 6.397828615742536, 7.144842924659438, 1.6987179487179487, 1.7783857729138166, 1.710526315789474, 2.3297491039426523, 6.370023419203748, 6.8437770719029745, 5.86890243902439, 7.0377019748653495, 1.9600156801254411, 1.5985790408525755, 2.0558002936857562, 2.11864406779661, 6.627983000980713, 7.793557325943887, 6.745414982903326, 6.727828746177369, 1.7489711934156378, 1.992337164750958, 1.171875, 2.556818181818182, 6.333047578225461, 6.375892149088025, 5.767668562144598, 6.375442739079102, 1.9869352204681545, 2.132701421800948, 2.0994475138121547, 2.61136712749616, 7.218269451457425, 7.46305622058945, 6.5398075240594915, 7.67279644895371, 2.023852547885797, 1.674515960230246, 2.2309711286089238, 1.293103448275862, 6.543951915852743, 7.061233290211298, 7.694637988488337, 7.49893481039625, 1.3274336283185841, 1.5594541910331383, 1.436265709156194, 1.66270783847981, 7.007910656119125, 7.251153592617007, 6.734124214933705, 7.607052896725442, 1.2933568489124045, 1.3824884792626728, 2.1739130434782608, 2.272727272727273, 6.548051319293149, 6.836248012718602, 7.492654260528893, 7.554417413572343, 1.621271076523995, 1.7972350230414749, 2.0868113522537564, 2.3508137432188065, 6.17314313821938, 6.539742979533555, 6.475565532723191, 7.210343112879164, 1.4218683349921797, 1.348314606741573, 1.8547959724430314, 1.3428120063191153, 6.0855457227138645, 6.472627051405186, 6.387315968289921, 6.143344709897611, 1.4760147601476015, 1.6021690904609316, 1.4794889038332213, 1.6, 6.17376955086813, 6.618024868975439, 5.615696887686062, 7.3610023492560686, 1.021355617455896, 1.6833926837164133, 1.5859766277128546, 0.9695290858725761, 5.774190467093323, 6.168918918918919, 5.944055944055944, 7.007376185458377, 3.0264817150063053, 3.7168141592920354, 3.0, 4.081632653061225, 9.270516717325227, 11.557610241820768, 9.063745019920319, 10.896551724137932, 1.87207488299532, 3.1512605042016806, 3.75, 3.418803418803419, 9.347679892400807, 10.070588235294117, 11.025641025641026, 8.998302207130731, 2.4, 2.763819095477387, 1.5873015873015872, 2.272727272727273, 9.767441860465116, 10.513880685174247, 12.18274111675127, 9.932279909706546, 2.3640661938534278, 3.6900369003690034, 4.0, 2.380952380952381, 7.982504100601422, 10.462471569370734, 9.129511677282377, 10.76923076923077, 2.4777933613838243, 2.3600809170600137, 2.862254025044723, 2.7160493827160495, 8.339036073907517, 9.39587775408671, 7.591014717273431, 8.063660477453581, 2.7110289587184226, 2.2667829119442024, 1.70316301703163, 3.205128205128205, 8.261324954176485, 8.405370608791612, 8.656716417910449, 8.955223880597014, 2.3901310717039324, 2.3702031602708806, 1.1730205278592376, 4.444444444444445, 8.350337466645739, 8.63490609253321, 8.62173649058895, 8.275261324041812, 2.5440313111545985, 2.3494860499265786, 2.4096385542168677, 5.232558139534884, 8.17717206132879, 8.28562820126544, 7.49802683504341, 8.209806157354619, 2.2198159177043855, 2.7977617905675456, 4.0169133192389, 2.6627218934911245, 8.844523756413118, 9.367007672634271, 9.55223880597015, 10.388059701492537, 2.1261516654854713, 3.8461538461538463, 2.9585798816568047, 1.646090534979424, 8.234942460020923, 8.717518860016764, 8.635578583765112, 9.512578616352203, 2.0590868397493285, 2.069857697283312, 3.64741641337386, 1.4218009478672986, 8.394618834080719, 9.303547963206308, 9.103840682788052, 9.587727708533079, 1.7751479289940828, 2.31023102310231, 2.358490566037736, 2.898550724637681, 8.01418439716312, 8.73440285204991, 7.773851590106007, 9.975961538461538, 1.8102372034956304, 2.2930315664085765, 2.248995983935743, 2.9572836801752467, 7.833521395712177, 8.239840438793317, 7.806012290317223, 8.206979542719615, 1.752873563218391, 2.2946859903381642, 1.6268980477223427, 1.4749262536873156, 7.609257451329467, 7.861015278462297, 7.728842832469776, 9.09967845659164, 2.05761316872428, 1.8648018648018647, 1.5384615384615385, 2.2988505747126435, 7.6378670030131035, 7.78816199376947, 6.932829781494471, 7.6923076923076925, 1.6643550624133148, 1.6556291390728477, 1.5679442508710801, 2.097902097902098, 6.915343418209153, 6.9051690122320135, 6.874095513748191, 8.020565552699228
Rabbitohs, 3.7476577139287945, 5.110732538330494, 1.4851485148514851, 1.3468013468013467, 3.9250669045495097, 4.140069305124931, 0.9905894006934125, 1.3100436681222707, 3.7068239258635214, 4.810996563573884, 0.32573289902280134, 1.9801980198019802, 3.9484978540772535, 4.619826756496631, 1.3690105787181084, 1.2252591894439209, 4.737384140061792, 4.081632653061225, 1.5037593984962405, 1.5228426395939088, 3.682896379525593, 4.569575471698113, 0.4170141784820684, 1.4590347923681257, 2.875, 4.477611940298507, 0.0, 1.4925373134328357, 4.054054054054054, 5.118411000763942, 0.8958566629339306, 1.0558069381598794, 3.031772980839195, 3.6276522929500343, 0.3853564547206166, 0.5494505494505495, 3.06265664160401, 3.4248032333546057, 0.6010081426909655, 0.52821795941062, 3.0448717948717947, 3.739170086639307, 0.5263157894736842, 1.0752688172043012, 3.3389093342254936, 3.7058427182596976, 0.8638211382113822, 0.3231597845601436, 3.528028224225794, 4.7957371225577266, 1.1747430249632893, 0.847457627118644, 3.097417456685191, 3.4638032559750607, 0.4973577867578489, 0.7863695937090431, 3.4979423868312756, 3.7547892720306515, 0.78125, 0.8522727272727272, 2.903986283754822, 3.695479777954005, 0.6904955320877335, 0.6493506493506493, 3.783342406096897, 4.028436018957346, 0.6629834254143646, 1.0752688172043012, 3.49437686481524, 3.459093535870552, 0.6342957130358705, 0.6975269499048826, 4.156125767979761, 3.4013605442176873, 0.5249343832020997, 0.21551724137931033, 3.666416228399699, 3.3527382492453643, 0.9996970614965162, 0.9373668512995312, 3.4955752212389384, 4.548408057179987, 0.718132854578097, 1.187648456057007, 3.2480223359702185, 3.7046802900461437, 0.6280530355896721, 1.057934508816121, 3.5861258083480307, 3.410138248847926, 0.43478260869565216, 0.974025974025974, 3.9820866618252238, 4.062886415827592, 0.6856023506366308, 1.0243277848911652, 2.604842196281885, 2.8110599078341014, 0.1669449081803005, 0.6027727546714888, 2.7769082860081387, 3.023956845946375, 0.40580210671732, 0.5967180507210343, 3.128110336982795, 3.1664964249233916, 0.5299417064122947, 0.7109004739336493, 2.8525073746312684, 3.123564538355535, 0.6115515288788221, 0.6500893872907525, 3.110173958882446, 3.1057431599704213, 0.605245460659045, 0.8, 2.654613287415698, 2.9647518240674136, 0.5006765899864681, 0.6851996867658575, 3.4354688950789227, 2.9783101327290384, 0.5008347245409015, 0.554016620498615, 2.9945553539019962, 3.02027027027027, 0.38645564961354434, 0.553213909378293, 6.0529634300126105, 5.663716814159292, 0.5, 0.0, 4.939209726443769, 5.120910384068279, 1.4940239043824701, 1.5172413793103448, 6.240249609984399, 5.6722689075630255, 1.25, 1.7094017094017095, 5.581708137188971, 6.11764705882353, 1.153846153846154, 1.697792869269949, 4.8, 6.030150753768844, 1.5873015873015872, 0.0, 4.5665961945031714, 5.847607796810396, 1.1844331641285957, 0.9029345372460496, 5.673758865248227, 8.118081180811808, 2.0, 1.1904761904761905, 5.084745762711865, 5.458680818802123, 2.1231422505307855, 0.6153846153846154, 3.973819541841982, 4.585300067430883, 0.35778175313059035, 1.2345679012345678, 4.008211946426825, 4.33546552949538, 0.8520526723470179, 0.9018567639257294, 3.758471965495995, 5.405405405405405, 1.4598540145985401, 0.641025641025641, 3.9146373396177014, 4.267059039911715, 0.9452736318407959, 1.0660980810234542, 4.626060138781804, 4.853273137697517, 1.1730205278592376, 0.8888888888888888, 4.096688118034845, 4.122766834631241, 0.7285974499089253, 1.2195121951219512, 4.10958904109589, 3.81791483113069, 1.2048192771084338, 1.1627906976744187, 3.9182282793867125, 4.33865622175354, 0.8681925808997633, 1.1402508551881414, 5.360043313481321, 3.5171862509992007, 1.2684989429175475, 0.8875739644970414, 4.238233325897836, 4.076086956521739, 0.7249466950959489, 1.1343283582089554, 4.394046775336641, 4.5738045738045745, 0.2958579881656805, 0.411522633744856, 4.662980122552683, 5.071248952221291, 0.5757052389176741, 1.3364779874213837, 5.729632945389436, 3.751617076326003, 0.60790273556231, 1.4218009478672986, 4.825112107623318, 4.678055190538765, 0.8534850640113799, 0.7670182166826461, 5.798816568047338, 6.765676567656766, 0.4716981132075472, 2.1739130434782608, 4.704491725768321, 5.240641711229946, 1.5017667844522968, 0.8413461538461539, 3.391593841032043, 3.7224538415723645, 0.5622489959839357, 1.095290251916758, 3.4892804444058676, 3.658688606332585, 0.7639926922438133, 0.8664259927797834, 3.3045977011494254, 3.864734299516908, 0.6507592190889371, 1.0324483775811208, 3.6869005915120887, 3.6389025792672913, 0.7124352331606217, 0.7717041800643086, 3.60082304526749, 4.242424242424243, 0.7692307692307693, 0.7662835249042145, 3.5246303692803584, 3.5473821726459653, 0.5934718100890208, 0.6638032018742679, 3.282478039759593, 3.774834437086093, 0.17421602787456447, 1.3986013986013985, 3.5234426383538477, 3.6959095094041827, 0.6512301013024602, 0.8226221079691516
Tigers, 2.9356652092442226, 3.9182282793867125, 4.9504950495049505, 4.377104377104377, 3.784885943672741, 4.4865949297829655, 2.2288261515601784, 3.2751091703056767, 3.285593934288121, 5.154639175257731, 3.908794788273615, 3.4653465346534658, 3.107296137339056, 3.5611164581328203, 3.1113876789047916, 3.1102733270499527, 4.634397528321318, 5.393586005830904, 2.631578947368421, 3.5532994923857872, 3.5580524344569286, 3.8030660377358494, 4.5037531276063385, 4.040404040404041, 3.125, 3.9179104477611943, 5.1020408163265305, 2.9850746268656714, 3.612796469939327, 3.323147440794499, 2.799552071668533, 3.770739064856712, 3.0560271646859083, 3.798767967145791, 3.5645472061657033, 3.021978021978022, 2.781954887218045, 2.914273558817273, 3.1601395889879798, 3.113705865999444, 2.7564102564102564, 3.4655722754217964, 4.2105263157894735, 3.225806451612903, 2.7902308464369354, 3.0513042641255175, 3.2266260162601625, 2.800718132854578, 3.724029792238338, 3.966844286560095, 3.0837004405286343, 2.11864406779661, 2.672441974501471, 3.3021591040295575, 3.2017407522536527, 3.1454783748361725, 3.652263374485597, 3.3716475095785436, 2.5390625, 1.9886363636363635, 2.7218174024860695, 3.1086439333862015, 3.0056864337936635, 4.073199527744982, 3.429504627109418, 3.515007898894155, 3.6464088397790055, 3.5330261136712746, 2.9894422767959608, 3.327004045240651, 3.63079615048119, 3.3925174381737477, 3.252620166245031, 3.139717425431711, 4.593175853018373, 4.741379310344827, 2.907588279489106, 2.921517895644674, 3.1505604362314448, 3.5364294844482314, 3.0530973451327434, 2.2742040285899936, 4.129263913824058, 4.275534441805226, 3.0339692880409492, 3.282794990112063, 2.6168876482903, 3.4760705289672544, 3.880070546737213, 3.0414746543778803, 2.391304347826087, 3.571428571428571, 2.904865649963689, 3.391626921038686, 2.9382957884427032, 3.713188220230474, 2.6156506701253783, 3.1797235023041472, 3.714524207011686, 2.8933092224231465, 2.6964181907615257, 2.836744407425036, 2.728371611120705, 2.9462953754351067, 2.5451443196360017, 2.5740551583248212, 2.278749337572867, 2.6066350710900474, 2.466076696165192, 2.8020211299954063, 2.548131370328426, 2.9741589468551926, 2.7235986645580743, 2.8346068523539563, 3.295225285810356, 3.2, 2.737121538240781, 2.9287842976055902, 2.9364005412719894, 3.1323414252153485, 2.808727948003714, 3.1401748138556167, 4.006677796327212, 3.1855955678670362, 2.660234979463177, 2.493243243243243, 2.686786897313213, 2.5026343519494203, 17.023959646910466, 16.991150442477874, 16.5, 16.3265306122449, 17.223910840932117, 16.216216216216218, 16.334661354581673, 16.689655172413794, 15.756630265210608, 17.857142857142858, 18.75, 19.65811965811966, 15.332885003362476, 15.576470588235294, 16.41025641025641, 16.129032258064516, 16.6, 19.09547738693467, 18.253968253968253, 13.636363636363635, 16.27906976744186, 17.188422917897224, 13.705583756345177, 18.058690744920995, 19.38534278959811, 15.867158671586715, 20.0, 19.047619047619047, 15.910333515582288, 18.19560272934041, 18.259023354564754, 15.692307692307692, 14.539504441327722, 17.734322319622386, 17.173524150268335, 15.802469135802468, 13.481278717372177, 14.868514570007108, 13.749031758326879, 16.286472148541115, 14.417744916820702, 14.472537053182213, 13.138686131386862, 14.743589743589745, 13.904163393558521, 13.794371896266322, 13.980099502487562, 13.859275053304904, 14.803392444101773, 16.70428893905192, 16.422287390029325, 17.333333333333336, 13.718411552346572, 15.16262024736601, 15.725561627200971, 15.33101045296167, 14.9706457925636, 17.180616740088105, 12.851405622489958, 17.441860465116278, 13.649914821124362, 14.100632720699005, 13.812154696132598, 17.559863169897376, 14.239306984298864, 17.665867306155075, 16.0676532769556, 18.639053254437872, 14.644211465536472, 15.728900255754475, 13.73134328358209, 16.47761194029851, 15.237420269312544, 15.280665280665282, 13.905325443786982, 18.51851851851852, 14.631594679420118, 15.528080469404863, 14.162348877374784, 13.757861635220126, 16.02506714413608, 13.065976714100906, 14.58966565349544, 19.90521327014218, 14.995515695067265, 14.90144546649146, 15.931721194879088, 16.10738255033557, 15.384615384615385, 16.006600660066006, 17.452830188679243, 16.666666666666664, 14.160756501182034, 14.47415329768271, 15.459363957597173, 15.865384615384615, 14.003329171868497, 15.276950565812983, 15.582329317269075, 13.691128148959475, 12.928565228712785, 13.363251059586137, 13.452914798206278, 14.392298435619736, 14.166666666666666, 13.727858293075684, 14.75054229934924, 14.454277286135694, 12.134612071440877, 13.495975028749797, 12.456822107081173, 12.990353697749196, 12.928669410150892, 13.986013986013987, 15.128205128205128, 14.367816091954023, 12.781164599537522, 13.677017385187417, 14.432155381710277, 13.939867239359623, 12.89875173370319, 15.2317880794702, 13.937282229965156, 11.888111888111888, 12.768956121394343, 13.941865053268446, 13.748191027496382, 13.161953727506425
Knights, 3.9975015615240475, 3.4071550255536627, 3.4653465346534658, 3.7037037037037033, 3.9887855231298586, 4.121831114353456, 4.259534422981674, 3.9301310043668125, 4.380791912384161, 4.581901489117984, 4.88599348534202, 1.9801980198019802, 4.0, 3.994225216554379, 3.671437461107654, 3.3930254476908575, 4.016477857878476, 5.685131195335277, 7.142857142857142, 3.5532994923857872, 3.9950062421972534, 4.422169811320755, 4.170141784820683, 4.377104377104377, 5.5, 3.544776119402985, 4.081632653061225, 5.970149253731343, 3.5024820739106453, 4.010695187165775, 5.039193729003359, 3.619909502262444, 3.3470773708464714, 4.414784394250513, 4.335260115606936, 4.532967032967033, 3.1679197994987467, 3.446075303126994, 3.586661496704149, 3.7531276063386154, 3.3974358974358974, 3.2375740994072046, 2.631578947368421, 3.046594982078853, 2.917363666778187, 3.1764366156511694, 3.1504065040650406, 3.8420107719928187, 3.645629165033321, 3.7892243931320304, 3.2305433186490458, 4.025423728813559, 3.5959463877084015, 3.336797136589308, 3.6990985390115014, 3.844473569244211, 3.137860082304527, 2.7586206896551726, 5.46875, 3.4090909090909087, 3.000428632661809, 3.0452022204599523, 3.168155970755483, 4.250295159386068, 12.193794229722373, 13.033175355450238, 13.259668508287293, 14.132104454685098, 11.774156529722287, 13.25022702881202, 13.407699037620297, 13.823715916296766, 12.359956631731118, 13.867085295656725, 12.598425196850393, 16.594827586206897, 12.118707738542449, 12.246658042259595, 12.208421690396849, 14.4013634426928, 13.628318584070797, 13.97011046133853, 14.721723518850988, 15.676959619952493, 12.173103769194975, 13.460777851021755, 14.37543614794138, 14.307304785894207, 13.168724279835391, 10.783410138248847, 17.608695652173914, 13.96103896103896, 11.740498668603244, 12.135665076841548, 12.487757100881488, 13.060179257362355, 10.916558581928232, 11.351766513056836, 10.726210350584306, 13.140446051838456, 10.39216563072933, 11.029668411867364, 10.801243308582283, 11.126305320735952, 10.35120147874307, 10.66394279877426, 10.174880763116057, 12.954186413902052, 9.828908554572271, 9.984549212845033, 10.55492638731597, 10.986510645213716, 10.542962572482868, 10.62361350751787, 12.1049092131809, 13.600000000000001, 10.744009183527048, 11.19103894769294, 11.069012178619756, 11.354737666405638, 10.468895078922934, 11.460019423761736, 12.437395659432388, 10.664819944598337, 10.273187505970007, 10.594594594594595, 10.213470739786528, 10.379346680716543, 5.170239596469105, 6.017699115044247, 8.5, 7.482993197278912, 4.787234042553192, 5.263157894736842, 4.8804780876494025, 7.586206896551724, 5.14820592823713, 6.092436974789916, 8.125, 5.982905982905983, 4.270342972427707, 5.035294117647059, 5.256410256410256, 5.772495755517826, 6.6000000000000005, 5.778894472361809, 7.142857142857142, 2.272727272727273, 5.369978858350952, 4.961606615475487, 5.245346869712352, 6.320541760722348, 4.964539007092199, 4.059040590405904, 5.0, 9.523809523809524, 4.975396391470749, 4.245640636846096, 7.006369426751593, 6.461538461538462, 3.9270687237026647, 4.720161834120027, 4.293381037567084, 5.432098765432099, 3.900674552742203, 4.321250888415067, 4.725019364833463, 5.358090185676392, 4.559457794208257, 4.969485614646905, 4.13625304136253, 3.205128205128205, 4.058654097931395, 4.432591502666912, 3.8308457711442783, 4.548685145700071, 4.086353122590594, 5.304740406320542, 5.278592375366569, 3.111111111111111, 4.536179563647779, 4.054054054054054, 5.221615057680632, 4.181184668989547, 4.011741682974559, 3.524229074889868, 5.622489959839357, 4.651162790697675, 3.896933560477002, 4.459174450135583, 4.262036306235202, 5.245153933865451, 16.40498105035192, 17.186250999200638, 15.221987315010571, 14.792899408284024, 15.201873745259869, 15.90473145780051, 16.716417910447763, 14.746268656716419, 15.237420269312544, 18.711018711018713, 16.56804733727811, 22.633744855967077, 14.541921984755643, 14.920368818105617, 15.77432354634427, 16.11635220125786, 15.75649059982095, 18.499353169469597, 15.19756838905775, 19.90521327014218, 15.013452914798206, 15.059132720105126, 15.433854907539118, 16.490891658676894, 14.911242603550296, 18.151815181518153, 18.39622641509434, 21.73913043478261, 15.981087470449173, 15.543672014260249, 16.166077738515902, 17.427884615384613, 12.796504369538079, 13.579511614055987, 12.931726907630523, 15.991237677984666, 12.533634233139484, 13.475442533034157, 13.951170901843549, 13.766546329723225, 13.563218390804598, 13.607085346215781, 13.665943600867678, 14.896755162241886, 11.772813415264457, 12.937407589945787, 13.557858376511225, 14.437299035369774, 14.231824417009603, 15.47785547785548, 16.28205128205128, 18.007662835249043, 13.215612080442856, 13.194653803637827, 12.355004046398706, 14.40843420538852, 12.11280628756357, 13.708609271523178, 14.111498257839722, 15.384615384615385, 12.214601146293338, 13.073786663159279, 12.698986975397975, 14.858611825192803
Titans, 10.368519675202998, 9.028960817717206, 8.16831683168317, 8.754208754208754, 8.716707021791766, 8.991428050337406, 9.311540366518079, 10.480349344978166, 8.677337826453243, 8.018327605956472, 7.81758957654723, 11.386138613861387, 8.995708154506438, 8.950914340712224, 8.400746733042936, 9.802073515551367, 11.637487126673532, 10.349854227405247, 10.150375939849624, 7.614213197969544, 9.155222638368706, 8.52004716981132, 8.17347789824854, 8.754208754208754, 9.125, 9.888059701492537, 6.122448979591836, 6.7164179104477615, 9.238830667402095, 7.524828113063407, 8.958566629339305, 9.200603318250378, 23.914625272859567, 23.54551676933607, 22.928709055876688, 22.115384615384613, 22.75689223057644, 22.349854640856556, 21.88832880961613, 24.65943842090631, 22.5, 23.757409940720475, 23.026315789473685, 21.68458781362007, 22.08765473402476, 22.851092501684477, 22.6880081300813, 23.159784560143628, 22.18737749901999, 24.274718768502073, 22.61380323054332, 23.516949152542374, 22.70349787512259, 22.29534695762614, 22.629779297482123, 22.979467016164264, 21.604938271604937, 24.137931034482758, 22.265625, 23.863636363636363, 22.12816116588084, 23.86994448850119, 23.842404549147034, 24.321133412042503, 8.73707131192161, 8.293838862559241, 9.060773480662982, 11.213517665130567, 7.683038788156988, 8.189548419053908, 8.180227471566054, 8.877615726062144, 8.276111311890133, 9.105180533751962, 9.317585301837271, 8.836206896551724, 7.72351615326822, 8.65674859853385, 7.11905483186913, 7.413719642096293, 9.424778761061948, 9.161793372319687, 8.797127468581687, 10.451306413301662, 7.957189390414146, 8.239947264337507, 8.443824145150035, 8.71536523929471, 8.877131099353322, 9.308755760368664, 8.043478260869565, 10.714285714285714, 8.254659888646817, 7.807807807807808, 8.32517140058766, 8.25864276568502, 22.578901859057503, 21.336405529953918, 20.868113522537563, 19.89150090415913, 20.938603944014666, 20.821830874186894, 20.626834743567603, 20.997016409746394, 21.441774491682068, 21.838610827374872, 21.992580816110227, 23.143759873617693, 20.66371681415929, 21.10494007600117, 20.928652321630803, 21.566715423370713, 22.579511509400806, 22.553611042642345, 23.40282447881641, 24.0, 20.5589037164586, 21.297913883465213, 21.069012178619754, 21.769772905246672, 21.680594243268338, 21.30139203625769, 21.786310517529213, 26.59279778393352, 20.828159327538447, 21.58108108108108, 21.567905778432095, 21.73340358271865, 9.205548549810844, 14.867256637168142, 13.0, 8.16326530612245, 10.486322188449847, 11.130867709815078, 11.055776892430279, 12.413793103448276, 11.076443057722308, 14.705882352941178, 13.125, 13.675213675213676, 10.827168796234028, 10.776470588235295, 9.871794871794872, 9.847198641765704, 10.8, 10.804020100502512, 11.904761904761903, 11.363636363636363, 11.585623678646934, 10.336680448907265, 12.18274111675127, 11.060948081264108, 11.347517730496454, 9.59409594095941, 12.0, 11.904761904761903, 10.716238381629307, 11.296436694465504, 9.766454352441615, 12.0, 27.442730247779334, 26.904922454484154, 26.833631484794275, 26.666666666666668, 26.29778081923942, 27.32054015636105, 26.800929512006196, 26.366047745358088, 26.92544670363524, 28.596338273757627, 31.386861313868614, 27.884615384615387, 25.16365540717465, 26.74268898289498, 27.960199004975124, 25.302061122956644, 25.983037779491134, 26.63656884875846, 31.085043988269796, 28.888888888888886, 26.259613875372782, 27.210261108566193, 27.140255009107467, 27.439024390243905, 27.495107632093934, 29.074889867841406, 26.907630522088354, 27.325581395348834, 25.766609880749574, 28.20126544139801, 28.96606156274665, 26.111744583808438, 9.69139144558744, 9.59232613908873, 9.30232558139535, 10.059171597633137, 9.792549631942896, 10.501918158567774, 10.362473347547976, 10.746268656716417, 9.56768249468462, 8.835758835758837, 8.875739644970414, 9.465020576131687, 9.62486922732028, 9.744341994970663, 10.650546919976971, 11.320754716981133, 10.564010743061774, 11.1254851228978, 8.51063829787234, 9.95260663507109, 10.116591928251122, 10.275952693823916, 9.815078236130867, 9.108341323106425, 10.414201183431953, 7.920792079207921, 12.735849056603774, 8.695652173913043, 8.959810874704493, 9.340463458110516, 10.68904593639576, 9.975961538461538, 25.322513524760716, 26.474091721262656, 24.738955823293175, 25.410733844468787, 24.017012412117005, 25.274245823984042, 23.949510048164758, 24.741275571600482, 25.344827586206897, 24.9194847020934, 25.92190889370933, 27.286135693215343, 23.821282949520473, 24.11697059306719, 25.38860103626943, 24.308681672025724, 24.519890260631, 25.454545454545453, 25.64102564102564, 29.310344827586203, 24.02074136360451, 24.831675208521755, 25.627191799298625, 25.341663412729403, 29.218677762367086, 25.364238410596023, 28.397212543554005, 29.836829836829835, 24.513764915907167, 24.306194923056687, 25.0, 25.655526992287918
Eels, 49.71892567145534, 52.0442930153322, 49.257425742574256, 56.56565656565656, 46.43812922135848, 48.03939449206639, 48.489351163942544, 46.79767103347889, 48.946925021061496, 52.34822451317297, 48.85993485342019, 53.960396039603964, 46.21459227467811, 48.26756496631376, 48.66210329807094, 50.98963242224317, 46.85890834191555, 50.87463556851311, 45.11278195488722, 50.76142131979695, 48.10653349979192, 50.02948113207547, 46.9557964970809, 47.25028058361392, 49.0, 50.0, 57.6530612244898, 50.0, 47.15940430226144, 48.663101604278076, 48.15229563269877, 50.829562594268474, 43.31797235023041, 43.2580424366872, 43.35260115606936, 46.565934065934066, 41.478696741854634, 42.84194852159115, 42.90422644435828, 42.896858493188766, 44.230769230769226, 44.45964432284541, 46.31578947368421, 48.924731182795696, 41.53228504516561, 41.476561748002695, 42.35264227642276, 44.272890484739676, 44.10035280282242, 43.39846062759029, 46.25550660792951, 43.64406779661017, 41.23896698267407, 42.593234037639995, 42.0578178427106, 43.81826124945391, 43.00411522633745, 45.3639846743295, 46.484375, 50.28409090909091, 42.27389627089585, 41.74464710547185, 42.120227457351746, 41.49940968122786, 46.29831246597714, 48.34123222748815, 44.19889502762431, 44.85407066052227, 44.5604773927014, 45.90109799389086, 45.01312335958006, 45.59289790741915, 45.86194434405493, 47.72370486656201, 47.506561679790025, 45.043103448275865, 43.99699474079639, 45.70935748167314, 45.319600121175405, 45.41968470387729, 46.902654867256636, 48.99285250162443, 43.62657091561939, 48.218527315914486, 45.34201954397395, 45.642715886618326, 45.08025122121423, 45.2896725440806, 47.266313932980594, 50.69124423963134, 43.26086956521739, 44.15584415584416, 44.734931009440814, 46.10492845786963, 45.78844270323212, 46.094750320102435, 40.412883700821446, 43.54838709677419, 42.98831385642738, 44.90657022302592, 39.305996512095874, 40.89481199428843, 40.4334311863236, 41.720537046245646, 41.51855538177165, 43.98365679264556, 41.81240063593005, 42.49605055292259, 39.56637168141593, 40.456007015492546, 40.067950169875424, 41.44319843978547, 41.01212440695836, 43.135321666255855, 41.82918628110289, 42.199999999999996, 39.84431051800833, 40.550816976672486, 40.920162381596754, 41.111981205951444, 42.409470752089135, 43.41210747814827, 40.90150250417362, 41.689750692520775, 39.85576463845639, 40.7027027027027, 39.804931910195066, 42.17597471022129, 27.112232030264817, 24.07079646017699, 25.5, 30.612244897959183, 22.593718338399192, 23.044096728307252, 22.31075697211155, 21.655172413793103, 26.209048361934478, 25.210084033613445, 24.375, 28.205128205128204, 21.620712844653664, 23.43529411764706, 21.53846153846154, 27.843803056027166, 25.0, 25.879396984924625, 22.22222222222222, 39.77272727272727, 24.101479915433405, 23.44949793266391, 22.84263959390863, 26.63656884875846, 25.53191489361702, 24.723247232472325, 18.0, 22.61904761904762, 24.33023510114817, 21.228203184230477, 25.05307855626327, 26.461538461538463, 19.869097709209914, 20.971004720161833, 19.32021466905188, 21.975308641975307, 19.102551569068336, 19.232409381663114, 20.487993803253293, 20.583554376657826, 20.33271719038817, 19.18047079337402, 18.734793187347933, 19.230769230769234, 18.237758575543335, 19.606400588559865, 19.502487562189057, 19.82942430703625, 21.43407864302236, 20.428893905191874, 21.994134897360702, 21.777777777777775, 19.164966253335425, 20.041227668346313, 18.154219793564057, 20.644599303135887, 21.62426614481409, 22.026431718061673, 20.080321285140563, 18.6046511627907, 18.888415672913116, 19.49382344079542, 19.179163378058405, 20.410490307867732, 21.602598808879264, 24.14068745003997, 21.56448202959831, 23.964497041420117, 20.399286192281956, 21.72314578005115, 21.321961620469082, 21.492537313432834, 21.757618710134658, 21.413721413721415, 21.597633136094675, 24.279835390946502, 20.938574204154836, 22.003352891869238, 21.243523316062177, 23.5062893081761, 22.202327663384064, 26.13195342820181, 25.53191489361702, 20.379146919431278, 21.883408071748878, 22.52299605781866, 21.6927453769559, 22.818791946308725, 20.355029585798817, 22.112211221122113, 19.339622641509436, 25.36231884057971, 20.87470449172577, 22.210338680926917, 20.318021201413426, 21.754807692307693, 18.352059925093634, 19.565217391304348, 20.240963855421686, 21.358159912376777, 17.876052426004687, 18.268511593118923, 18.452084371366883, 19.518652226233453, 18.936781609195403, 21.09500805152979, 19.197396963123644, 20.206489675516224, 18.227760868316775, 18.531296205027108, 17.530224525043177, 18.263665594855304, 20.027434842249658, 20.885780885780886, 18.974358974358974, 17.43295019157088, 17.77030341251489, 18.89257361069239, 18.47855408686269, 18.469347910972274, 19.186315302820155, 19.13907284768212, 19.337979094076655, 19.813519813519815, 17.729963356196563, 18.966197553597265, 18.77713458755427, 18.868894601542415

percentages, 0.1601, 0.1174, 0.0404, 0.0297, 0.7847, 0.5483, 0.2019, 0.1374, 0.1187, 0.0873, 0.0307, 0.0202, 0.5825, 0.4156, 0.1607, 0.1061, 0.0971, 0.0686, 0.0266, 0.0197, 0.4806, 0.3392, 0.1199, 0.0891, 0.08, 0.0536, 0.0196, 0.0134, 0.3626, 0.2618, 0.0893, 0.0663, 0.4123, 0.2922, 0.1038, 0.0728, 1.995, 1.4103, 0.5158, 0.3597, 0.312, 0.2193, 0.076, 0.0558, 1.4945, 1.0389, 0.3936, 0.2785, 0.2551, 0.1689, 0.0681, 0.0472, 1.2236, 0.8661, 0.3217, 0.2289, 0.1944, 0.1305, 0.0512, 0.0352, 0.9332, 0.6305, 0.2462, 0.1694, 0.3674, 0.2532, 0.0905, 0.0651, 1.7428, 1.2113, 0.4572, 0.3154, 0.2767, 0.1911, 0.0762, 0.0464, 1.331, 0.9276, 0.3301, 0.2347, 0.226, 0.1539, 0.0557, 0.0421, 1.0745, 0.7585, 0.2866, 0.1985, 0.1701, 0.1085, 0.046, 0.0308, 0.8262, 0.5661, 0.2042, 0.1562, 0.9252, 0.651, 0.2396, 0.1659, 4.4726, 3.1515, 1.1582, 0.8044, 0.7033, 0.4895, 0.1887, 0.1266, 3.39, 2.3947, 0.883, 0.6153, 0.5691, 0.4057, 0.1487, 0.1, 2.7876, 1.9462, 0.739, 0.5108, 0.4308, 0.3089, 0.1198, 0.0722, 2.0938, 1.48, 0.5434, 0.3796, 0.0793, 0.0565, 0.02, 0.0147, 0.3948, 0.2812, 0.1004, 0.0725, 0.0641, 0.0476, 0.016, 0.0117, 0.2974, 0.2125, 0.078, 0.0589, 0.05, 0.0398, 0.0126, 0.0088, 0.2365, 0.1693, 0.0591, 0.0443, 0.0423, 0.0271, 0.01, 0.0084, 0.1829, 0.1319, 0.0471, 0.0325, 0.2139, 0.1483, 0.0559, 0.0405, 1.0229, 0.7035, 0.2582, 0.1885, 0.1623, 0.1147, 0.0411, 0.0312, 0.7638, 0.5437, 0.201, 0.1407, 0.1297, 0.0886, 0.0341, 0.0225, 0.6371, 0.4366, 0.1647, 0.1148, 0.1022, 0.0681, 0.0249, 0.0172, 0.4696, 0.3319, 0.1267, 0.0877, 0.1847, 0.1251, 0.0473, 0.0338, 0.8966, 0.6256, 0.2345, 0.1675, 0.1411, 0.0962, 0.0338, 0.0243, 0.6691, 0.4772, 0.1737, 0.1272, 0.1117, 0.0773, 0.0329, 0.0211, 0.5575, 0.3805, 0.1406, 0.1043, 0.0845, 0.0606, 0.0212, 0.0138, 0.423, 0.2805, 0.1132, 0.0832, 0.4806, 0.3358, 0.1245, 0.0913, 2.3042, 1.6044, 0.6021, 0.4155, 0.348, 0.2484, 0.0922, 0.0678, 1.7413, 1.2174, 0.4632, 0.311, 0.2916, 0.2145, 0.078, 0.0522, 1.4271, 0.9951, 0.3707, 0.2561, 0.2163, 0.151, 0.0574, 0.0429, 1.0643, 0.7603, 0.2764, 0.1945
counts, 1601, 1174, 404, 297, 7847, 5483, 2019, 1374, 1187, 873, 307, 202, 5825, 4156, 1607, 1061, 971, 686, 266, 197, 4806, 3392, 1199, 891, 800, 536, 196, 134, 3626, 2618, 893, 663, 4123, 2922, 1038, 728, 19950, 14103, 5158, 3597, 3120, 2193, 760, 558, 14945, 10389, 3936, 2785, 2551, 1689, 681, 472, 12236, 8661, 3217, 2289, 1944, 1305, 512, 352, 9332, 6305, 2462, 1694, 3674, 2532, 905, 651, 17428, 12113, 4572, 3154, 2767, 1911, 762, 464, 13310, 9276, 3301, 2347, 2260, 1539, 557, 421, 10745, 7585, 2866, 1985, 1701, 1085, 460, 308, 8262, 5661, 2042, 1562, 9252, 6510, 2396, 1659, 44726, 31515, 11582, 8044, 7033, 4895, 1887, 1266, 33900, 23947, 8830, 6153, 5691, 4057, 1487, 1000, 27876, 19462, 7390, 5108, 4308, 3089, 1198, 722, 20938, 14800, 5434, 3796, 793, 565, 200, 147, 3948, 2812, 1004, 725, 641, 476, 160, 117, 2974, 2125, 780, 589, 500, 398, 126, 88, 2365, 1693, 591, 443, 423, 271, 100, 84, 1829, 1319, 471, 325, 2139, 1483, 559, 405, 10229, 7035, 2582, 1885, 1623, 1147, 411, 312, 7638, 5437, 2010, 1407, 1297, 886, 341, 225, 6371, 4366, 1647, 1148, 1022, 681, 249, 172, 4696, 3319, 1267, 877, 1847, 1251, 473, 338, 8966, 6256, 2345, 1675, 1411, 962, 338, 243, 6691, 4772, 1737, 1272, 1117, 773, 329, 211, 5575, 3805, 1406, 1043, 845, 606, 212, 138, 4230, 2805, 1132, 832, 4806, 3358, 1245, 913, 23042, 16044, 6021, 4155, 3480, 2484, 922, 678, 17413, 12174, 4632, 3110, 2916, 2145, 780, 522, 14271, 9951, 3707, 2561, 2163, 1510, 574, 429, 10643, 7603, 2764, 1945