, Rabbitohs, Dragons, Rabbitohs, Dragons, Rabbitohs, Dragons, Rabbitohs, Dragons, Rabbitohs, Dragons, Rabbitohs, Dragons, Rabbitohs, Dragons, Rabbitohs, Dragons, Rabbitohs, Dragons, Rabbitohs, Dragons, Rabbitohs, Dragons, Rabbitohs, Dragons, Rabbitohs, Dragons, Rabbitohs, Dragons, Rabbitohs, Dragons, Rabbitohs, Dragons, Rabbitohs, Dragons, Rabbitohs, Dragons, Rabbitohs, Dragons, Rabbitohs, Dragons, Rabbitohs, Dragons, Rabbitohs, Dragons, Rabbitohs, Dragons, Rabbitohs, Dragons, Rabbitohs, Dragons, Rabbitohs, Dragons, Rabbitohs, Dragons, Rabbitohs, Dragons, Rabbitohs, Dragons, Rabbitohs, Dragons, Rabbitohs, Dragons, Rabbitohs, Dragons, Rabbitohs, Dragons, Rabbitohs, Dragons, Rabbitohs, Dragons, Rabbitohs, Dragons, Rabbitohs, Dragons, Rabbitohs, Dragons, Rabbitohs, Dragons, Rabbitohs, Dragons, Rabbitohs, Dragons, Rabbitohs, Dragons, Rabbitohs, Dragons, Rabbitohs, Dragons, Rabbitohs, Dragons, Rabbitohs, Dragons, Rabbitohs, Dragons, Rabbitohs, Dragons, Rabbitohs, Dragons, Rabbitohs, Dragons, Rabbitohs, Dragons, Rabbitohs, Dragons, Rabbitohs, Dragons, Rabbitohs, Dragons, Rabbitohs, Dragons, Rabbitohs, Dragons, Rabbitohs, Dragons, Rabbitohs, Dragons, Rabbitohs, Dragons, Rabbitohs, Dragons, Rabbitohs, Dragons, Rabbitohs, Dragons, Rabbitohs, Dragons, Rabbitohs, Dragons, Rabbitohs, Dragons, Rabbitohs, Dragons, Rabbitohs, Dragons, Rabbitohs, Dragons, Rabbitohs, Dragons, Rabbitohs, Dragons, Rabbitohs, Dragons, Rabbitohs, Dragons, Rabbitohs, Dragons, Rabbitohs, Dragons, Rabbitohs, Dragons, Rabbitohs, Dragons, Rabbitohs, Dragons, Rabbitohs, Dragons, Rabbitohs, Dragons, Rabbitohs, Dragons, Rabbitohs, Dragons, Rabbitohs, Dragons, Rabbitohs, Dragons, Rabbitohs, Dragons, Rabbitohs, Dragons, Rabbitohs, Dragons, Rabbitohs, Dragons, Rabbitohs, Dragons, Rabbitohs, Dragons, Rabbitohs, Dragons, Rabbitohs, Dragons, Rabbitohs, Dragons, Rabbitohs, Dragons, Rabbitohs, Dragons, Rabbitohs, Dragons, Rabbitohs, Dragons, Rabbitohs, Dragons, Rabbitohs, Dragons, Rabbitohs, Dragons, Rabbitohs, Dragons, Rabbitohs, Dragons, Rabbitohs, Dragons, Rabbitohs, Dragons, Rabbitohs, Dragons, Rabbitohs, Dragons, Rabbitohs, Dragons, Rabbitohs, Dragons, Rabbitohs, Dragons, Rabbitohs, Dragons, Rabbitohs, Dragons, Rabbitohs, Dragons, Rabbitohs, Dragons, Rabbitohs, Dragons, Rabbitohs, Dragons, Rabbitohs, Dragons, Rabbitohs, Dragons, Rabbitohs, Dragons, Rabbitohs, Dragons, Rabbitohs, Dragons, Rabbitohs, Dragons, Rabbitohs, Dragons, Rabbitohs, Dragons, Rabbitohs, Dragons, Rabbitohs, Dragons, Rabbitohs, Dragons, Rabbitohs, Dragons, Rabbitohs, Dragons, Rabbitohs, Dragons
, Panthers, Panthers, Raiders, Raiders, Panthers, Panthers, Raiders, Raiders, Panthers, Panthers, Raiders, Raiders, Panthers, Panthers, Raiders, Raiders, Panthers, Panthers, Raiders, Raiders, Panthers, Panthers, Raiders, Raiders, Panthers, Panthers, Raiders, Raiders, Panthers, Panthers, Raiders, Raiders, Panthers, Panthers, Raiders, Raiders, Panthers, Panthers, Raiders, Raiders, Panthers, Panthers, Raiders, Raiders, Panthers, Panthers, Raiders, Raiders, Panthers, Panthers, Raiders, Raiders, Panthers, Panthers, Raiders, Raiders, Panthers, Panthers, Raiders, Raiders, Panthers, Panthers, Raiders, Raiders, Panthers, Panthers, Raiders, Raiders, Panthers, Panthers, Raiders, Raiders, Panthers, Panthers, Raiders, Raiders, Panthers, Panthers, Raiders, Raiders, Panthers, Panthers, Raiders, Raiders, Panthers, Panthers, Raiders, Raiders, Panthers, Panthers, Raiders, Raiders, Panthers, Panthers, Raiders, Raiders, Panthers, Panthers, Raiders, Raiders, Panthers, Panthers, Raiders, Raiders, Panthers, Panthers, Raiders, Raiders, Panthers, Panthers, Raiders, Raiders, Panthers, Panthers, Raiders, Raiders, Panthers, Panthers, Raiders, Raiders, Panthers, Panthers, Raiders, Raiders, Panthers, Panthers, Raiders, Raiders, Panthers, Panthers, Raiders, Raiders, Panthers, Panthers, Raiders, Raiders, Panthers, Panthers, Raiders, Raiders, Panthers, Panthers, Raiders, Raiders, Panthers, Panthers, Raiders, Raiders, Panthers, Panthers, Raiders, Raiders, Panthers, Panthers, Raiders, Raiders, Panthers, Panthers, Raiders, Raiders, Panthers, Panthers, Raiders, Raiders, Panthers, Panthers, Raiders, Raiders, Panthers, Panthers, Raiders, Raiders, Panthers, Panthers, Raiders, Raiders, Panthers, Panthers, Raiders, Raiders, Panthers, Panthers, Raiders, Raiders, Panthers, Panthers, Raiders, Raiders, Panthers, Panthers, Raiders, Raiders, Panthers, Panthers, Raiders, Raiders, Panthers, Panthers, Raiders, Raiders, Panthers, Panthers, Raiders, Raiders, Panthers, Panthers, Raiders, Raiders, Panthers, Panthers, Raiders, Raiders, Panthers, Panthers, Raiders, Raiders, Panthers, Panthers, Raiders, Raiders, Panthers, Panthers, Raiders, Raiders, Panthers, Panthers, Raiders, Raiders, Panthers, Panthers, Raiders, Raiders, Panthers, Panthers, Raiders, Raiders, Panthers, Panthers, Raiders, Raiders, Panthers, Panthers, Raiders, Raiders, Panthers, Panthers, Raiders, Raiders, Panthers, Panthers, Raiders, Raiders, Panthers, Panthers, Raiders, Raiders
, Storm, Storm, Storm, Storm, Bulldogs, Bulldogs, Bulldogs, Bulldogs, Storm, Storm, Storm, Storm, Bulldogs, Bulldogs, Bulldogs, Bulldogs, Storm, Storm, Storm, Storm, Bulldogs, Bulldogs, Bulldogs, Bulldogs, Storm, Storm, Storm, Storm, Bulldogs, Bulldogs, Bulldogs, Bulldogs, Storm, Storm, Storm, Storm, Bulldogs, Bulldogs, Bulldogs, Bulldogs, Storm, Storm, Storm, Storm, Bulldogs, Bulldogs, Bulldogs, Bulldogs, Storm, Storm, Storm, Storm, Bulldogs, Bulldogs, Bulldogs, Bulldogs, Storm, Storm, Storm, Storm, Bulldogs, Bulldogs, Bulldogs, Bulldogs, Storm, Storm, Storm, Storm, Bulldogs, Bulldogs, Bulldogs, Bulldogs, Storm, Storm, Storm, Storm, Bulldogs, Bulldogs, Bulldogs, Bulldogs, Storm, Storm, Storm, Storm, Bulldogs, Bulldogs, Bulldogs, Bulldogs, Storm, Storm, Storm, Storm, Bulldogs, Bulldogs, Bulldogs, Bulldogs, Storm, Storm, Storm, Storm, Bulldogs, Bulldogs, Bulldogs, Bulldogs, Storm, Storm, Storm, Storm, Bulldogs, Bulldogs, Bulldogs, Bulldogs, Storm, Storm, Storm, Storm, Bulldogs, Bulldogs, Bulldogs, Bulldogs, Storm, Storm, Storm, Storm, Bulldogs, Bulldogs, Bulldogs, Bulldogs, Storm, Storm, Storm, Storm, Bulldogs, Bulldogs, Bulldogs, Bulldogs, Storm, Storm, Storm, Storm, Bulldogs, Bulldogs, Bulldogs, Bulldogs, Storm, Storm, Storm, Storm, Bulldogs, Bulldogs, Bulldogs, Bulldogs, Storm, Storm, Storm, Storm, Bulldogs, Bulldogs, Bulldogs, Bulldogs, Storm, Storm, Storm, Storm, Bulldogs, Bulldogs, Bulldogs, Bulldogs, Storm, Storm, Storm, Storm, Bulldogs, Bulldogs, Bulldogs, Bulldogs, Storm, Storm, Storm, Storm, Bulldogs, Bulldogs, Bulldogs, Bulldogs, Storm, Storm, Storm, Storm, Bulldogs, Bulldogs, Bulldogs, Bulldogs, Storm, Storm, Storm, Storm, Bulldogs, Bulldogs, Bulldogs, Bulldogs, Storm, Storm, Storm, Storm, Bulldogs, Bulldogs, Bulldogs, Bulldogs, Storm, Storm, Storm, Storm, Bulldogs, Bulldogs, Bulldogs, Bulldogs, Storm, Storm, Storm, Storm, Bulldogs, Bulldogs, Bulldogs, Bulldogs, Storm, Storm, Storm, Storm, Bulldogs, Bulldogs, Bulldogs, Bulldogs, Storm, Storm, Storm, Storm, Bulldogs, Bulldogs, Bulldogs, Bulldogs, Storm, Storm, Storm, Storm, Bulldogs, Bulldogs, Bulldogs, Bulldogs, Storm, Storm, Storm, Storm, Bulldogs, Bulldogs, Bulldogs, Bulldogs
, Manly, Manly, Manly, Manly, Manly, Manly, Manly, Manly, Dolphins, Dolphins, Dolphins, Dolphins, Dolphins, Dolphins, Dolphins, Dolphins, Manly, Manly, Manly, Manly, Manly, Manly, Manly, Manly, Dolphins, Dolphins, Dolphins, Dolphins, Dolphins, Dolphins, Dolphins, Dolphins, Manly, Manly, Manly, Manly, Manly, Manly, Manly, Manly, Dolphins, Dolphins, Dolphins, Dolphins, Dolphins, Dolphins, Dolphins, Dolphins, Manly, Manly, Manly, Manly, Manly, Manly, Manly, Manly, Dolphins, Dolphins, Dolphins, Dolphins, Dolphins, Dolphins, Dolphins, Dolphins, Manly, Manly, Manly, Manly, Manly, Manly, Manly, Manly, Dolphins, Dolphins, Dolphins, Dolphins, Dolphins, Dolphins, Dolphins, Dolphins, Manly, Manly, Manly, Manly, Manly, Manly, Manly, Manly, Dolphins, Dolphins, Dolphins, Dolphins, Dolphins, Dolphins, Dolphins, Dolphins, Manly, Manly, Manly, Manly, Manly, Manly, Manly, Manly, Dolphins, Dolphins, Dolphins, Dolphins, Dolphins, Dolphins, Dolphins, Dolphins, Manly, Manly, Manly, Manly, Manly, Manly, Manly, Manly, Dolphins, Dolphins, Dolphins, Dolphins, Dolphins, Dolphins, Dolphins, Dolphins, Manly, Manly, Manly, Manly, Manly, Manly, Manly, Manly, Dolphins, Dolphins, Dolphins, Dolphins, Dolphins, Dolphins, Dolphins, Dolphins, Manly, Manly, Manly, Manly, Manly, Manly, Manly, Manly, Dolphins, Dolphins, Dolphins, Dolphins, Dolphins, Dolphins, Dolphins, Dolphins, Manly, Manly, Manly, Manly, Manly, Manly, Manly, Manly, Dolphins, Dolphins, Dolphins, Dolphins, Dolphins, Dolphins, Dolphins, Dolphins, Manly, Manly, Manly, Manly, Manly, Manly, Manly, Manly, Dolphins, Dolphins, Dolphins, Dolphins, Dolphins, Dolphins, Dolphins, Dolphins, Manly, Manly, Manly, Manly, Manly, Manly, Manly, Manly, Dolphins, Dolphins, Dolphins, Dolphins, Dolphins, Dolphins, Dolphins, Dolphins, Manly, Manly, Manly, Manly, Manly, Manly, Manly, Manly, Dolphins, Dolphins, Dolphins, Dolphins, Dolphins, Dolphins, Dolphins, Dolphins, Manly, Manly, Manly, Manly, Manly, Manly, Manly, Manly, Dolphins, Dolphins, Dolphins, Dolphins, Dolphins, Dolphins, Dolphins, Dolphins, Manly, Manly, Manly, Manly, Manly, Manly, Manly, Manly, Dolphins, Dolphins, Dolphins, Dolphins, Dolphins, Dolphins, Dolphins, Dolphins
, Titans, Titans, Titans, Titans, Titans, Titans, Titans, Titans, Titans, Titans, Titans, Titans, Titans, Titans, Titans, Titans, Warriors, Warriors, Warriors, Warriors, Warriors, Warriors, Warriors, Warriors, Warriors, Warriors, Warriors, Warriors, Warriors, Warriors, Warriors, Warriors, Titans, Titans, Titans, Titans, Titans, Titans, Titans, Titans, Titans, Titans, Titans, Titans, Titans, Titans, Titans, Titans, Warriors, Warriors, Warriors, Warriors, Warriors, Warriors, Warriors, Warriors, Warriors, Warriors, Warriors, Warriors, Warriors, Warriors, Warriors, Warriors, Titans, Titans, Titans, Titans, Titans, Titans, Titans, Titans, Titans, Titans, Titans, Titans, Titans, Titans, Titans, Titans, Warriors, Warriors, Warriors, Warriors, Warriors, Warriors, Warriors, Warriors, Warriors, Warriors, Warriors, Warriors, Warriors, Warriors, Warriors, Warriors, Titans, Titans, Titans, Titans, Titans, Titans, Titans, Titans, Titans, Titans, Titans, Titans, Titans, Titans, Titans, Titans, Warriors, Warriors, Warriors, Warriors, Warriors, Warriors, Warriors, Warriors, Warriors, Warriors, Warriors, Warriors, Warriors, Warriors, Warriors, Warriors, Titans, Titans, Titans, Titans, Titans, Titans, Titans, Titans, Titans, Titans, Titans, Titans, Titans, Titans, Titans, Titans, Warriors, Warriors, Warriors, Warriors, Warriors, Warriors, Warriors, Warriors, Warriors, Warriors, Warriors, Warriors, Warriors, Warriors, Warriors, Warriors, Titans, Titans, Titans, Titans, Titans, Titans, Titans, Titans, Titans, Titans, Titans, Titans, Titans, Titans, Titans, Titans, Warriors, Warriors, Warriors, Warriors, Warriors, Warriors, Warriors, Warriors, Warriors, Warriors, Warriors, Warriors, Warriors, Warriors, Warriors, Warriors, Titans, Titans, Titans, Titans, Titans, Titans, Titans, Titans, Titans, Titans, Titans, Titans, Titans, Titans, Titans, Titans, Warriors, Warriors, Warriors, Warriors, Warriors, Warriors, Warriors, Warriors, Warriors, Warriors, Warriors, Warriors, Warriors, Warriors, Warriors, Warriors, Titans, Titans, Titans, Titans, Titans, Titans, Titans, Titans, Titans, Titans, Titans, Titans, Titans, Titans, Titans, Titans, Warriors, Warriors, Warriors, Warriors, Warriors, Warriors, Warriors, Warriors, Warriors, Warriors, Warriors, Warriors, Warriors, Warriors, Warriors, Warriors
, Eels, Eels, Eels, Eels, Eels, Eels, Eels, Eels, Eels, Eels, Eels, Eels, Eels, Eels, Eels, Eels, Eels, Eels, Eels, Eels, Eels, Eels, Eels, Eels, Eels, Eels, Eels, Eels, Eels, Eels, Eels, Eels, Roosters, Roosters, Roosters, Roosters, Roosters, Roosters, Roosters, Roosters, Roosters, Roosters, Roosters, Roosters, Roosters, Roosters, Roosters, Roosters, Roosters, Roosters, Roosters, Roosters, Roosters, Roosters, Roosters, Roosters, Roosters, Roosters, Roosters, Roosters, Roosters, Roosters, Roosters, Roosters, Eels, Eels, Eels, Eels, Eels, Eels, Eels, Eels, Eels, Eels, Eels, Eels, Eels, Eels, Eels, Eels, Eels, Eels, Eels, Eels, Eels, Eels, Eels, Eels, Eels, Eels, Eels, Eels, Eels, Eels, Eels, Eels, Roosters, Roosters, Roosters, Roosters, Roosters, Roosters, Roosters, Roosters, Roosters, Roosters, Roosters, Roosters, Roosters, Roosters, Roosters, Roosters, Roosters, Roosters, Roosters, Roosters, Roosters, Roosters, Roosters, Roosters, Roosters, Roosters, Roosters, Roosters, Roosters, Roosters, Roosters, Roosters, Eels, Eels, Eels, Eels, Eels, Eels, Eels, Eels, Eels, Eels, Eels, Eels, Eels, Eels, Eels, Eels, Eels, Eels, Eels, Eels, Eels, Eels, Eels, Eels, Eels, Eels, Eels, Eels, Eels, Eels, Eels, Eels, Roosters, Roosters, Roosters, Roosters, Roosters, Roosters, Roosters, Roosters, Roosters, Roosters, Roosters, Roosters, Roosters, Roosters, Roosters, Roosters, Roosters, Roosters, Roosters, Roosters, Roosters, Roosters, Roosters, Roosters, Roosters, Roosters, Roosters, Roosters, Roosters, Roosters, Roosters, Roosters, Eels, Eels, Eels, Eels, Eels, Eels, Eels, Eels, Eels, Eels, Eels, Eels, Eels, Eels, Eels, Eels, Eels, Eels, Eels, Eels, Eels, Eels, Eels, Eels, Eels, Eels, Eels, Eels, Eels, Eels, Eels, Eels, Roosters, Roosters, Roosters, Roosters, Roosters, Roosters, Roosters, Roosters, Roosters, Roosters, Roosters, Roosters, Roosters, Roosters, Roosters, Roosters, Roosters, Roosters, Roosters, Roosters, Roosters, Roosters, Roosters, Roosters, Roosters, Roosters, Roosters, Roosters, Roosters, Roosters, Roosters, Roosters
, Knights, Knights, Knights, Knights, Knights, Knights, Knights, Knights, Knights, Knights, Knights, Knights, Knights, Knights, Knights, Knights, Knights, Knights, Knights, Knights, Knights, Knights, Knights, Knights, Knights, Knights, Knights, Knights, Knights, Knights, Knights, Knights, Knights, Knights, Knights, Knights, Knights, Knights, Knights, Knights, Knights, Knights, Knights, Knights, Knights, Knights, Knights, Knights, Knights, Knights, Knights, Knights, Knights, Knights, Knights, Knights, Knights, Knights, Knights, Knights, Knights, Knights, Knights, Knights, Broncos, Broncos, Broncos, Broncos, Broncos, Broncos, Broncos, Broncos, Broncos, Broncos, Broncos, Broncos, Broncos, Broncos, Broncos, Broncos, Broncos, Broncos, Broncos, Broncos, Broncos, Broncos, Broncos, Broncos, Broncos, Broncos, Broncos, Broncos, Broncos, Broncos, Broncos, Broncos, Broncos, Broncos, Broncos, Broncos, Broncos, Broncos, Broncos, Broncos, Broncos, Broncos, Broncos, Broncos, Broncos, Broncos, Broncos, Broncos, Broncos, Broncos, Broncos, Broncos, Broncos, Broncos, Broncos, Broncos, Broncos, Broncos, Broncos, Broncos, Broncos, Broncos, Broncos, Broncos, Knights, Knights, Knights, Knights, Knights, Knights, Knights, Knights, Knights, Knights, Knights, Knights, Knights, Knights, Knights, Knights, Knights, Knights, Knights, Knights, Knights, Knights, Knights, Knights, Knights, Knights, Knights, Knights, Knights, Knights, Knights, Knights, Knights, Knights, Knights, Knights, Knights, Knights, Knights, Knights, Knights, Knights, Knights, Knights, Knights, Knights, Knights, Knights, Knights, Knights, Knights, Knights, Knights, Knights, Knights, Knights, Knights, Knights, Knights, Knights, Knights, Knights, Knights, Knights, Broncos, Broncos, Broncos, Broncos, Broncos, Broncos, Broncos, Broncos, Broncos, Broncos, Broncos, Broncos, Broncos, Broncos, Broncos, Broncos, Broncos, Broncos, Broncos, Broncos, Broncos, Broncos, Broncos, Broncos, Broncos, Broncos, Broncos, Broncos, Broncos, Broncos, Broncos, Broncos, Broncos, Broncos, Broncos, Broncos, Broncos, Broncos, Broncos, Broncos, Broncos, Broncos, Broncos, Broncos, Broncos, Broncos, Broncos, Broncos, Broncos, Broncos, Broncos, Broncos, Broncos, Broncos, Broncos, Broncos, Broncos, Broncos, Broncos, Broncos, Broncos, Broncos, Broncos, Broncos
, Tigers, Tigers, Tigers, Tigers, Tigers, Tigers, Tigers, Tigers, Tigers, Tigers, Tigers, Tigers, Tigers, Tigers, Tigers, Tigers, Tigers, Tigers, Tigers, Tigers, Tigers, Tigers, Tigers, Tigers, Tigers, Tigers, Tigers, Tigers, Tigers, Tigers, Tigers, Tigers, Tigers, Tigers, Tigers, Tigers, Tigers, Tigers, Tigers, Tigers, Tigers, Tigers, Tigers, Tigers, Tigers, Tigers, Tigers, Tigers, Tigers, Tigers, Tigers, Tigers, Tigers, Tigers, Tigers, Tigers, Tigers, Tigers, Tigers, Tigers, Tigers, Tigers, Tigers, Tigers, Tigers, Tigers, Tigers, Tigers, Tigers, Tigers, Tigers, Tigers, Tigers, Tigers, Tigers, Tigers, Tigers, Tigers, Tigers, Tigers, Tigers, Tigers, Tigers, Tigers, Tigers, Tigers, Tigers, Tigers, Tigers, Tigers, Tigers, Tigers, Tigers, Tigers, Tigers, Tigers, Tigers, Tigers, Tigers, Tigers, Tigers, Tigers, Tigers, Tigers, Tigers, Tigers, Tigers, Tigers, Tigers, Tigers, Tigers, Tigers, Tigers, Tigers, Tigers, Tigers, Tigers, Tigers, Tigers, Tigers, Tigers, Tigers, Tigers, Tigers, Tigers, Tigers, Tigers, Tigers, Cowboys, Cowboys, Cowboys, Cowboys, Cowboys, Cowboys, Cowboys, Cowboys, Cowboys, Cowboys, Cowboys, Cowboys, Cowboys, Cowboys, Cowboys, Cowboys, Cowboys, Cowboys, Cowboys, Cowboys, Cowboys, Cowboys, Cowboys, Cowboys, Cowboys, Cowboys, Cowboys, Cowboys, Cowboys, Cowboys, Cowboys, Cowboys, Cowboys, Cowboys, Cowboys, Cowboys, Cowboys, Cowboys, Cowboys, Cowboys, Cowboys, Cowboys, Cowboys, Cowboys, Cowboys, Cowboys, Cowboys, Cowboys, Cowboys, Cowboys, Cowboys, Cowboys, Cowboys, Cowboys, Cowboys, Cowboys, Cowboys, Cowboys, Cowboys, Cowboys, Cowboys, Cowboys, Cowboys, Cowboys, Cowboys, Cowboys, Cowboys, Cowboys, Cowboys, Cowboys, Cowboys, Cowboys, Cowboys, Cowboys, Cowboys, Cowboys, Cowboys, Cowboys, Cowboys, Cowboys, Cowboys, Cowboys, Cowboys, Cowboys, Cowboys, Cowboys, Cowboys, Cowboys, Cowboys, Cowboys, Cowboys, Cowboys, Cowboys, Cowboys, Cowboys, Cowboys, Cowboys, Cowboys, Cowboys, Cowboys, Cowboys, Cowboys, Cowboys, Cowboys, Cowboys, Cowboys, Cowboys, Cowboys, Cowboys, Cowboys, Cowboys, Cowboys, Cowboys, Cowboys, Cowboys, Cowboys, Cowboys, Cowboys, Cowboys, Cowboys, Cowboys, Cowboys, Cowboys, Cowboys, Cowboys, Cowboys, Cowboys, Cowboys
Storm, 67.7536231884058, 74.18576598311219, 25.34562211981567, 27.52, 26.53061224489796, 26.254826254826252, 4.0, 2.955665024630542, 78.43704775687411, 76.10441767068274, 27.617328519855594, 28.24207492795389, 28.4, 32.1656050955414, 5.357142857142857, 3.765690376569038, 72.79860505666957, 72.88135593220339, 24.418604651162788, 24.450084602368864, 28.10810810810811, 21.32796780684105, 3.8327526132404177, 2.941176470588235, 74.8319641523525, 75.14761137949544, 28.864970645792564, 28.034300791556728, 31.69164882226981, 28.155339805825243, 2.6706231454005933, 4.4543429844097995, 68.96018554310011, 69.5485636114911, 21.895590471363406, 22.386980108499095, 21.482412060301506, 24.284475281873373, 2.157164869029276, 3.2825322391559206, 72.04968944099379, 72.2651674865308, 25.85487906588824, 25.98870056497175, 27.055150884495315, 25.740479548660083, 2.5675675675675675, 3.6203522504892365, 68.63425925925925, 69.07102312058701, 22.12166918049271, 21.98188204843779, 22.576832151300234, 21.844660194174757, 2.3771790808240887, 2.4068767908309456, 71.51476659256907, 71.84660766961653, 26.156469835855894, 26.21856566283763, 25.181598062954, 26.688693098384732, 3.6834924965893587, 3.0434782608695654, 71.31537242472267, 68.77165960723912, 21.72413793103448, 24.0, 22.743055555555554, 20.97735399284863, 2.0316027088036117, 4.230118443316413, 73.75790424570913, 72.59211376858435, 27.40356937248129, 27.87091366303437, 24.966442953020135, 26.484907497565725, 3.466204506065858, 3.765690376569038, 71.03466386554622, 69.53617102500476, 22.302158273381295, 23.59192348565356, 24.42680776014109, 23.667905824039654, 2.237136465324385, 2.2275258552108195, 72.39606616003577, 73.03225806451613, 27.030933795894768, 27.139874739039666, 26.629680998613036, 27.670940170940174, 4.137323943661972, 3.399048266485384, 65.19550456567549, 64.97509874635068, 21.228615863141524, 20.628661559260927, 20.059106021425933, 18.976377952755904, 2.3898781630740396, 2.380952380952381, 69.21558954119388, 69.35893815306412, 23.89357892044001, 24.180289142965133, 23.012422360248447, 22.997992415792996, 2.643350955673038, 2.6194588370754177, 65.5268460353206, 65.887648229897, 21.016038555739907, 20.928796046720574, 20.63579566335906, 19.03076504219984, 2.72572402044293, 2.3272090988626424, 69.25103126087173, 69.51477929820781, 24.588987473903966, 24.543978607582847, 22.65193370165746, 22.904772779173328, 3.004377238360525, 2.6516853932584272, 69.32203389830508, 70.66974595842956, 20.88888888888889, 19.874804381846637, 22.68041237113402, 23.381294964028775, 0.684931506849315, 0.4629629629629629, 73.96449704142012, 74.04878048780488, 25.0, 26.279391424619643, 21.940928270042196, 28.064516129032256, 3.4482758620689653, 1.1363636363636365, 69.67340590979782, 70.67221891731113, 22.043628013777266, 21.90923317683881, 25.255102040816325, 23.52941176470588, 2.348993288590604, 1.728395061728395, 73.47795661301609, 73.33664349553129, 25.265188042430086, 28.135368281353685, 24.829157175398635, 23.46041055718475, 3.260869565217391, 1.9646365422396856, 65.45319465081724, 66.37506834335703, 18.966357874207702, 20.254506892895016, 20.180383314543406, 21.83622828784119, 1.7628205128205128, 1.2373453318335208, 70.74871173082752, 71.52406417112299, 24.076329679252943, 23.777053068485028, 22.614503816793892, 23.588277340957827, 2.6993865030674846, 1.6994633273703041, 65.59341070760016, 66.25809117201487, 19.715895175116334, 20.10840108401084, 20.152314001171646, 18.930390492359933, 2.087994034302759, 1.6778523489932886, 69.85180611299783, 70.5136757838559, 24.63652658832902, 24.38881569316352, 25.07418397626113, 22.35378543236455, 2.158730158730159, 2.1296296296296298, 66.55239960822723, 66.78818811520233, 19.829284307288248, 19.79817395482941, 21.266233766233768, 20.58479532163743, 2.5522041763341066, 1.3910355486862442, 69.97366110623354, 71.24849939975991, 24.74916387959866, 24.62596037201779, 23.728813559322035, 21.248741188318228, 3.4608378870673953, 1.3977128335451081, 68.83116883116884, 66.9919309438919, 21.06332543176431, 20.384995064165846, 18.864908073541166, 20.093731693028705, 2.8426395939086295, 2.358490566037736, 71.45031528593172, 70.80018717828732, 24.626647144948755, 24.213322435635472, 25.37313432835821, 24.293243890752276, 2.6629935720844813, 2.6217228464419478, 63.615870153291254, 63.6401155592241, 18.003322760912248, 18.45053889659588, 17.16183152743796, 17.534246575342465, 1.9644527595884003, 1.646090534979424, 67.5002332742372, 67.31766209786237, 22.852893791052175, 22.319395098843035, 20.854496564087242, 21.518166089965398, 1.6823161189358373, 1.8802429852473244, 63.108052467501906, 63.73841916367582, 18.30065359477124, 18.49025069637883, 18.666666666666668, 18.94556928740468, 1.5140761769576532, 1.4891380518570427, 66.75914852906003, 67.28861760421725, 21.67564857751598, 22.107664233576642, 20.87763965852928, 21.57996146435453, 1.6472478907191643, 2.239674229203025
Roosters, 0.0, 0.0, 0.0, 0.0, 0.0, 0.0, 0.0, 0.0, 0.0, 0.0, 0.0, 0.0, 0.0, 0.0, 0.0, 0.0, 0.0, 0.0, 0.0, 0.0, 0.0, 0.0, 0.0, 0.0, 0.0, 0.0, 0.0, 0.0, 0.0, 0.0, 0.0, 0.0, 0.0, 0.0, 0.0, 0.0, 0.0, 0.0, 0.0, 0.0, 0.0, 0.0, 0.0, 0.0, 0.0, 0.0, 0.0, 0.0, 0.0, 0.0, 0.0, 0.0, 0.0, 0.0, 0.0, 0.0, 0.0, 0.0, 0.0, 0.0, 0.0, 0.0, 0.0, 0.0, 0.0, 0.0, 0.0, 0.0, 0.0, 0.0, 0.0, 0.0, 0.0, 0.0, 0.0, 0.0, 0.0, 0.0, 0.0, 0.0, 0.0, 0.0, 0.0, 0.0, 0.0, 0.0, 0.0, 0.0, 0.0, 0.0, 0.0, 0.0, 0.0, 0.0, 0.0, 0.0, 0.0, 0.0, 0.0, 0.0, 0.0, 0.0, 0.0, 0.0, 0.0, 0.0, 0.0, 0.0, 0.0, 0.0, 0.0, 0.0, 0.0, 0.0, 0.0, 0.0, 0.0, 0.0, 0.0, 0.0, 0.0, 0.0, 0.0, 0.0, 0.0, 0.0, 0.0, 0.0, 0.0, 0.0, 0.0, 0.0, 0.0, 0.0, 0.0, 0.0, 0.0, 0.0, 0.0, 0.0, 0.0, 0.0, 0.0, 0.0, 0.0, 0.0, 0.0, 0.0, 0.0, 0.0, 0.0, 0.0, 0.0, 0.0, 0.0, 0.0, 0.0, 0.0, 0.0, 0.0, 0.0, 0.0, 0.0, 0.0, 0.0, 0.0, 0.0, 0.0, 0.0, 0.0, 0.0, 0.0, 0.0, 0.0, 0.0, 0.0, 0.0, 0.0, 0.0, 0.0, 0.0, 0.0, 0.0, 0.0, 0.0, 0.0, 0.0, 0.0, 0.0, 0.0, 0.0, 0.0, 0.0, 0.0, 0.0, 0.0, 0.0, 0.0, 0.0, 0.0, 0.0, 0.0, 0.0, 0.0, 0.0, 0.0, 0.0, 0.0, 0.0, 0.0, 0.0, 0.0, 0.0, 0.0, 0.0, 0.0, 0.0, 0.0, 0.0, 0.0, 0.0, 0.0, 0.0, 0.0, 0.0, 0.0, 0.0, 0.0, 0.0, 0.0, 0.0, 0.0, 0.0, 0.0, 0.0, 0.0, 0.0, 0.0, 0.0, 0.0, 0.0, 0.0, 0.0, 0.0, 0.0, 0.0, 0.0, 0.0, 0.0, 0.0, 0.0, 0.0, 0.0, 0.0, 0.0, 0.0
Panthers, 0.0, 0.0, 0.0, 0.0, 0.0, 0.0, 0.0, 0.0, 0.0, 0.0, 0.0, 0.0, 0.0, 0.0, 0.0, 0.0, 0.0, 0.0, 0.0, 0.0, 0.0, 0.0, 0.0, 0.0, 0.0, 0.0, 0.0, 0.0, 0.0, 0.0, 0.0, 0.0, 0.0, 0.0, 0.0, 0.0, 0.0, 0.0, 0.0, 0.0, 0.0, 0.0, 0.0, 0.0, 0.0, 0.0, 0.0, 0.0, 0.0, 0.0, 0.0, 0.0, 0.0, 0.0, 0.0, 0.0, 0.0, 0.0, 0.0, 0.0, 0.0, 0.0, 0.0, 0.0, 0.0, 0.0, 0.0, 0.0, 0.0, 0.0, 0.0, 0.0, 0.0, 0.0, 0.0, 0.0, 0.0, 0.0, 0.0, 0.0, 0.0, 0.0, 0.0, 0.0, 0.0, 0.0, 0.0, 0.0, 0.0, 0.0, 0.0, 0.0, 0.0, 0.0, 0.0, 0.0, 0.0, 0.0, 0.0, 0.0, 0.0, 0.0, 0.0, 0.0, 0.0, 0.0, 0.0, 0.0, 0.0, 0.0, 0.0, 0.0, 0.0, 0.0, 0.0, 0.0, 0.0, 0.0, 0.0, 0.0, 0.0, 0.0, 0.0, 0.0, 0.0, 0.0, 0.0, 0.0, 0.0, 0.0, 0.0, 0.0, 0.0, 0.0, 0.0, 0.0, 0.0, 0.0, 0.0, 0.0, 0.0, 0.0, 0.0, 0.0, 0.0, 0.0, 0.0, 0.0, 0.0, 0.0, 0.0, 0.0, 0.0, 0.0, 0.0, 0.0, 0.0, 0.0, 0.0, 0.0, 0.0, 0.0, 0.0, 0.0, 0.0, 0.0, 0.0, 0.0, 0.0, 0.0, 0.0, 0.0, 0.0, 0.0, 0.0, 0.0, 0.0, 0.0, 0.0, 0.0, 0.0, 0.0, 0.0, 0.0, 0.0, 0.0, 0.0, 0.0, 0.0, 0.0, 0.0, 0.0, 0.0, 0.0, 0.0, 0.0, 0.0, 0.0, 0.0, 0.0, 0.0, 0.0, 0.0, 0.0, 0.0, 0.0, 0.0, 0.0, 0.0, 0.0, 0.0, 0.0, 0.0, 0.0, 0.0, 0.0, 0.0, 0.0, 0.0, 0.0, 0.0, 0.0, 0.0, 0.0, 0.0, 0.0, 0.0, 0.0, 0.0, 0.0, 0.0, 0.0, 0.0, 0.0, 0.0, 0.0, 0.0, 0.0, 0.0, 0.0, 0.0, 0.0, 0.0, 0.0, 0.0, 0.0, 0.0, 0.0, 0.0, 0.0, 0.0, 0.0, 0.0, 0.0, 0.0, 0.0
Raiders, 32.2463768115942, 25.814234016887816, 74.65437788018433, 72.48, 62.755102040816325, 66.79536679536679, 95.19999999999999, 96.05911330049261, 21.562952243125906, 23.895582329317268, 72.3826714801444, 71.75792507204612, 58.4, 55.4140127388535, 92.26190476190477, 93.30543933054393, 27.201394943330428, 27.11864406779661, 75.5813953488372, 75.54991539763112, 62.70270270270271, 68.00804828973843, 95.81881533101046, 96.2566844919786, 25.168035847647495, 24.852388620504563, 71.13502935420743, 71.96569920844327, 59.743040685224834, 60.19417475728155, 95.54896142433235, 94.65478841870824, 31.039814456899883, 30.45143638850889, 78.1044095286366, 77.6130198915009, 69.09547738693468, 65.39462272333044, 95.83975346687211, 95.77960140679953, 27.95031055900621, 27.7348325134692, 74.14512093411176, 74.01129943502825, 62.22684703433923, 64.03385049365303, 95.54054054054055, 95.00978473581213, 31.365740740740737, 30.928976879412986, 77.8783308195073, 78.01811795156222, 68.02600472813238, 68.35834068843778, 96.83042789223455, 96.79083094555874, 28.485233407430933, 28.153392330383483, 73.84353016414411, 73.78143433716238, 64.50363196125907, 62.22466960352423, 94.95225102319236, 95.07246376811594, 28.68462757527734, 31.228340392760877, 78.27586206896552, 76.0, 69.27083333333334, 70.56019070321811, 96.3882618510158, 95.43147208121827, 26.24209575429088, 27.407886231415645, 72.59643062751871, 72.12908633696563, 63.221476510067106, 64.07010710808179, 94.97400346620451, 94.42119944211994, 28.965336134453786, 30.463828974995227, 77.6978417266187, 76.40807651434643, 66.4021164021164, 68.09169764560099, 96.97986577181209, 96.65871121718376, 27.603933839964238, 26.96774193548387, 72.96906620410523, 72.86012526096033, 60.81830790568654, 62.17948717948718, 94.10211267605634, 94.96940856560163, 34.80449543432451, 35.02490125364932, 78.77138413685849, 79.37133844073907, 70.92722571111932, 71.0761154855643, 96.11059044048734, 96.32352941176471, 30.784410458806118, 30.641061846935898, 76.10642107956, 75.81971085703488, 65.62111801242236, 65.53647111309391, 95.64863765758437, 95.36557282671272, 34.455375133341235, 34.112351770103004, 78.9839614442601, 79.07120395327942, 69.27600147004777, 70.74598420909338, 95.88707714772451, 96.37795275590551, 30.748968739128273, 30.478037567790828, 75.41101252609603, 75.45602139241716, 66.50355169692186, 65.17469741950217, 95.06565857540788, 95.13108614232209, 30.677966101694913, 29.330254041570434, 79.11111111111111, 80.12519561815337, 70.10309278350515, 69.7841726618705, 97.26027397260275, 99.07407407407408, 26.035502958579883, 25.951219512195124, 75.0, 73.72060857538037, 68.35443037974683, 63.54838709677419, 96.55172413793103, 97.34848484848484, 30.326594090202175, 29.327781082688876, 77.95637198622273, 78.09076682316119, 67.60204081632652, 70.3921568627451, 95.9731543624161, 98.0246913580247, 26.522043386983906, 26.663356504468723, 74.73481195756992, 71.86463171864632, 67.42596810933941, 67.59530791788856, 95.38043478260869, 96.85658153241651, 34.54680534918276, 33.62493165664298, 81.0336421257923, 79.74549310710498, 71.47688838782412, 69.39619520264682, 97.59615384615384, 97.97525309336334, 29.251288269172477, 28.475935828877002, 75.92367032074706, 76.22294693151497, 68.12977099236642, 67.33380986418871, 95.4601226993865, 97.40608228980322, 34.40658929239985, 33.74190882798513, 80.28410482488366, 79.89159891598916, 71.41183362624487, 72.45331069609507, 97.16629381058911, 97.48322147651007, 30.132757023772772, 29.486324216144094, 75.36347341167098, 75.61118430683648, 65.43026706231454, 68.28130606386796, 96.88888888888889, 96.43518518518519, 33.44760039177277, 33.21181188479766, 80.17071569271175, 80.20182604517059, 71.42857142857143, 72.046783625731, 96.2877030162413, 97.3724884080371, 30.026338893766464, 28.7515006002401, 75.25083612040135, 75.3740396279822, 65.67796610169492, 69.48640483383686, 95.62841530054644, 97.4587039390089, 31.16883116883117, 33.008069056108084, 78.93667456823569, 79.61500493583415, 72.58193445243805, 72.23198594024605, 96.6497461928934, 96.69811320754717, 28.549684714068274, 29.199812821712683, 75.37335285505125, 75.78667756436452, 66.078697421981, 66.26736942980355, 96.51056014692378, 96.25468164794007, 36.384129846708746, 36.3598844407759, 81.99667723908776, 81.54946110340411, 73.54072002796225, 73.20049813200498, 97.19363891487372, 97.39368998628258, 32.49976672576281, 32.68233790213763, 77.14710620894782, 77.68060490115697, 68.6286226471467, 68.46885813148789, 97.06572769953051, 96.96268440844663, 36.89194753249809, 36.26158083632418, 81.69934640522875, 81.50974930362118, 73.08444444444444, 72.82408624769919, 97.25573692926426, 97.56482130343377, 33.240851470939965, 32.7079142678782, 78.32435142248401, 77.89233576642336, 68.14437621686386, 68.61485763219868, 97.00683005222982, 96.59685863874346
Sharks, 0.0, 0.0, 0.0, 0.0, 0.0, 0.0, 0.0, 0.0, 0.0, 0.0, 0.0, 0.0, 0.0, 0.0, 0.0, 0.0, 0.0, 0.0, 0.0, 0.0, 0.0, 0.0, 0.0, 0.0, 0.0, 0.0, 0.0, 0.0, 0.0, 0.0, 0.0, 0.0, 0.0, 0.0, 0.0, 0.0, 0.0, 0.0, 0.0, 0.0, 0.0, 0.0, 0.0, 0.0, 0.0, 0.0, 0.0, 0.0, 0.0, 0.0, 0.0, 0.0, 0.0, 0.0, 0.0, 0.0, 0.0, 0.0, 0.0, 0.0, 0.0, 0.0, 0.0, 0.0, 0.0, 0.0, 0.0, 0.0, 0.0, 0.0, 0.0, 0.0, 0.0, 0.0, 0.0, 0.0, 0.0, 0.0, 0.0, 0.0, 0.0, 0.0, 0.0, 0.0, 0.0, 0.0, 0.0, 0.0, 0.0, 0.0, 0.0, 0.0, 0.0, 0.0, 0.0, 0.0, 0.0, 0.0, 0.0, 0.0, 0.0, 0.0, 0.0, 0.0, 0.0, 0.0, 0.0, 0.0, 0.0, 0.0, 0.0, 0.0, 0.0, 0.0, 0.0, 0.0, 0.0, 0.0, 0.0, 0.0, 0.0, 0.0, 0.0, 0.0, 0.0, 0.0, 0.0, 0.0, 0.0, 0.0, 0.0, 0.0, 0.0, 0.0, 0.0, 0.0, 0.0, 0.0, 0.0, 0.0, 0.0, 0.0, 0.0, 0.0, 0.0, 0.0, 0.0, 0.0, 0.0, 0.0, 0.0, 0.0, 0.0, 0.0, 0.0, 0.0, 0.0, 0.0, 0.0, 0.0, 0.0, 0.0, 0.0, 0.0, 0.0, 0.0, 0.0, 0.0, 0.0, 0.0, 0.0, 0.0, 0.0, 0.0, 0.0, 0.0, 0.0, 0.0, 0.0, 0.0, 0.0, 0.0, 0.0, 0.0, 0.0, 0.0, 0.0, 0.0, 0.0, 0.0, 0.0, 0.0, 0.0, 0.0, 0.0, 0.0, 0.0, 0.0, 0.0, 0.0, 0.0, 0.0, 0.0, 0.0, 0.0, 0.0, 0.0, 0.0, 0.0, 0.0, 0.0, 0.0, 0.0, 0.0, 0.0, 0.0, 0.0, 0.0, 0.0, 0.0, 0.0, 0.0, 0.0, 0.0, 0.0, 0.0, 0.0, 0.0, 0.0, 0.0, 0.0, 0.0, 0.0, 0.0, 0.0, 0.0, 0.0, 0.0, 0.0, 0.0, 0.0, 0.0, 0.0, 0.0, 0.0, 0.0, 0.0, 0.0, 0.0, 0.0, 0.0, 0.0, 0.0, 0.0, 0.0, 0.0
Bulldogs, 0.0, 0.0, 0.0, 0.0, 10.714285714285714, 6.94980694980695, 0.8, 0.9852216748768473, 0.0, 0.0, 0.0, 0.0, 13.200000000000001, 12.420382165605096, 2.380952380952381, 2.928870292887029, 0.0, 0.0, 0.0, 0.0, 9.18918918918919, 10.663983903420524, 0.34843205574912894, 0.8021390374331552, 0.0, 0.0, 0.0, 0.0, 8.565310492505352, 11.650485436893204, 1.7804154302670623, 0.8908685968819599, 0.0, 0.0, 0.0, 0.0, 9.42211055276382, 10.320901994796184, 2.0030816640986133, 0.9378663540445485, 0.0, 0.0, 0.0, 0.0, 10.718002081165452, 10.225669957686883, 1.891891891891892, 1.36986301369863, 0.0, 0.0, 0.0, 0.0, 9.397163120567376, 9.796999117387466, 0.7923930269413629, 0.8022922636103151, 0.0, 0.0, 0.0, 0.0, 10.314769975786925, 11.086637298091043, 1.364256480218281, 1.884057971014493, 0.0, 0.0, 0.0, 0.0, 7.986111111111111, 8.462455303933254, 1.580135440180587, 0.338409475465313, 0.0, 0.0, 0.0, 0.0, 11.812080536912752, 9.444985394352482, 1.559792027729636, 1.813110181311018, 0.0, 0.0, 0.0, 0.0, 9.171075837742503, 8.240396530359357, 0.7829977628635347, 1.1137629276054097, 0.0, 0.0, 0.0, 0.0, 12.552011095700417, 10.149572649572649, 1.7605633802816902, 1.6315431679129844, 0.0, 0.0, 0.0, 0.0, 9.013668267454747, 9.947506561679791, 1.499531396438613, 1.2955182072829132, 0.0, 0.0, 0.0, 0.0, 11.366459627329192, 11.465536471113094, 1.7080113867425781, 2.0149683362118593, 0.017778831338153372, 0.0, 0.0, 0.0, 10.088202866593164, 10.223250748706779, 1.3871988318325625, 1.294838145231846, 0.0, 0.007183134001364796, 0.0, 0.0, 10.844514601420679, 11.920529801324504, 1.9299641862315957, 2.2172284644194757, 0.0, 0.0, 0.0, 0.0, 7.216494845360824, 6.83453237410072, 2.054794520547945, 0.4629629629629629, 0.0, 0.0, 0.0, 0.0, 9.70464135021097, 8.38709677419355, 0.0, 1.5151515151515151, 0.0, 0.0, 0.0, 0.0, 7.142857142857142, 6.078431372549019, 1.6778523489932886, 0.24691358024691357, 0.0, 0.0, 0.0, 0.0, 7.744874715261959, 8.944281524926687, 1.358695652173913, 1.1787819253438114, 0.0, 0.0, 0.0, 0.0, 8.342728297632469, 8.767576509511994, 0.641025641025641, 0.7874015748031495, 0.0, 0.0, 0.0, 0.0, 9.255725190839694, 9.077912794853466, 1.8404907975460123, 0.8944543828264758, 0.0, 0.0, 0.0, 0.0, 8.43585237258348, 8.616298811544992, 0.7457121551081283, 0.8389261744966443, 0.015436863229391787, 0.0, 0.0, 0.0, 9.495548961424333, 9.364908503767493, 0.9523809523809524, 1.4351851851851851, 0.0, 0.0, 0.0, 0.0, 7.305194805194805, 7.368421052631578, 1.160092807424594, 1.2364760432766615, 0.0, 0.0, 0.0, 0.0, 10.59322033898305, 9.264853977844915, 0.9107468123861567, 1.1435832274459974, 0.0, 0.0, 0.0, 0.0, 8.553157474020784, 7.674282366725249, 0.5076142131979695, 0.9433962264150944, 0.0, 0.0, 0.0, 0.0, 8.548168249660787, 9.439386679444178, 0.8264462809917356, 1.1235955056179776, 0.0, 0.0, 0.0, 0.0, 9.297448444599791, 9.265255292652554, 0.841908325537886, 0.9602194787379973, 0.0, 0.0, 0.0, 0.0, 10.51688078876606, 10.012975778546712, 1.2519561815336464, 1.1570726063060457, 0.0, 0.0, 0.0, 0.0, 8.248888888888889, 8.230344464896135, 1.230186893778093, 0.94604064470918, 0.0, 0.00346812790455712, 0.0, 0.0, 10.97798412460686, 9.805180903446798, 1.3459220570510246, 1.1634671320535195
Broncos, 0.0, 0.0, 0.0, 0.0, 0.0, 0.0, 0.0, 0.0, 0.0, 0.0, 0.0, 0.0, 0.0, 0.0, 0.0, 0.0, 0.0, 0.0, 0.0, 0.0, 0.0, 0.0, 0.0, 0.0, 0.0, 0.0, 0.0, 0.0, 0.0, 0.0, 0.0, 0.0, 0.0, 0.0, 0.0, 0.0, 0.0, 0.0, 0.0, 0.0, 0.0, 0.0, 0.0, 0.0, 0.0, 0.0, 0.0, 0.0, 0.0, 0.0, 0.0, 0.0, 0.0, 0.0, 0.0, 0.0, 0.0, 0.0, 0.0, 0.0, 0.0, 0.0, 0.0, 0.0, 0.0, 0.0, 0.0, 0.0, 0.0, 0.0, 0.0, 0.0, 0.0, 0.0, 0.0, 0.0, 0.0, 0.0, 0.0, 0.0, 0.0, 0.0, 0.0, 0.0, 0.0, 0.0, 0.0, 0.0, 0.0, 0.0, 0.0, 0.0, 0.0, 0.0, 0.0, 0.0, 0.0, 0.0, 0.0, 0.0, 0.0, 0.0, 0.0, 0.0, 0.0, 0.0, 0.0, 0.0, 0.0, 0.0, 0.0, 0.0, 0.0, 0.0, 0.0, 0.0, 0.0, 0.0, 0.0, 0.0, 0.0, 0.0, 0.0, 0.0, 0.0, 0.0, 0.0, 0.0, 0.0, 0.0, 0.0, 0.0, 0.0, 0.0, 0.0, 0.0, 0.0, 0.0, 0.0, 0.0, 0.0, 0.0, 0.0, 0.0, 0.0, 0.0, 0.0, 0.0, 0.0, 0.0, 0.0, 0.0, 0.0, 0.0, 0.0, 0.0, 0.0, 0.0, 0.0, 0.0, 0.0, 0.0, 0.0, 0.0, 0.0, 0.0, 0.0, 0.0, 0.0, 0.0, 0.0, 0.0, 0.0, 0.0, 0.0, 0.0, 0.0, 0.0, 0.0, 0.0, 0.0, 0.0, 0.0, 0.0, 0.0, 0.0, 0.0, 0.0, 0.0, 0.0, 0.0, 0.0, 0.0, 0.0, 0.0, 0.0, 0.0, 0.0, 0.0, 0.0, 0.0, 0.0, 0.0, 0.0, 0.0, 0.0, 0.0, 0.0, 0.0, 0.0, 0.0, 0.0, 0.0, 0.0, 0.0, 0.0, 0.0, 0.0, 0.0, 0.0, 0.0, 0.0, 0.0, 0.0, 0.0, 0.0, 0.0, 0.0, 0.0, 0.0, 0.0, 0.0, 0.0, 0.0, 0.0, 0.0, 0.0, 0.0, 0.0, 0.0, 0.0, 0.0, 0.0, 0.0, 0.0, 0.0, 0.0, 0.0, 0.0, 0.0, 0.0, 0.0, 0.0, 0.0, 0.0, 0.0
Dolphins, 0.0, 0.0, 0.0, 0.0, 0.0, 0.0, 0.0, 0.0, 0.0, 0.0, 0.0, 0.0, 0.0, 0.0, 0.0, 0.0, 0.0, 0.0, 0.0, 0.0, 0.0, 0.0, 0.0, 0.0, 0.0, 0.0, 0.0, 0.0, 0.0, 0.0, 0.0, 0.0, 0.0, 0.0, 0.0, 0.0, 0.0, 0.0, 0.0, 0.0, 0.0, 0.0, 0.0, 0.0, 0.0, 0.0, 0.0, 0.0, 0.0, 0.0, 0.0, 0.0, 0.0, 0.0, 0.0, 0.0, 0.0, 0.0, 0.0, 0.0, 0.0, 0.0, 0.0, 0.0, 0.0, 0.0, 0.0, 0.0, 0.0, 0.0, 0.0, 0.0, 0.0, 0.0, 0.0, 0.0, 0.0, 0.0, 0.0, 0.0, 0.0, 0.0, 0.0, 0.0, 0.0, 0.0, 0.0, 0.0, 0.0, 0.0, 0.0, 0.0, 0.0, 0.0, 0.0, 0.0, 0.0, 0.0, 0.0, 0.0, 0.0, 0.0, 0.0, 0.0, 0.0, 0.0, 0.0, 0.0, 0.0, 0.0, 0.0, 0.0, 0.0, 0.0, 0.0, 0.0, 0.0, 0.0, 0.0, 0.0, 0.0, 0.0, 0.0, 0.0, 0.0, 0.0, 0.0, 0.0, 0.0, 0.0, 0.0, 0.0, 0.0, 0.0, 0.0, 0.0, 0.0, 0.0, 0.0, 0.0, 0.0, 0.0, 0.0, 0.0, 0.0, 0.0, 0.0, 0.0, 0.0, 0.0, 0.0, 0.0, 0.0, 0.0, 0.0, 0.0, 0.0, 0.0, 0.0, 0.0, 0.0, 0.0, 0.0, 0.0, 0.0, 0.0, 0.0, 0.0, 0.0, 0.0, 0.0, 0.0, 0.0, 0.0, 0.0, 0.0, 0.0, 0.0, 0.0, 0.0, 0.0, 0.0, 0.0, 0.0, 0.0, 0.0, 0.0, 0.0, 0.0, 0.0, 0.0, 0.0, 0.0, 0.0, 0.0, 0.0, 0.0, 0.0, 0.0, 0.0, 0.0, 0.0, 0.0, 0.0, 0.0, 0.0, 0.0, 0.0, 0.0, 0.0, 0.0, 0.0, 0.0, 0.0, 0.0, 0.0, 0.0, 0.0, 0.0, 0.0, 0.0, 0.0, 0.0, 0.0, 0.0, 0.0, 0.0, 0.0, 0.0, 0.0, 0.0, 0.0, 0.0, 0.0, 0.0, 0.0, 0.0, 0.0, 0.0, 0.0, 0.0, 0.0, 0.0, 0.0, 0.0, 0.0, 0.0, 0.0, 0.0, 0.0, 0.0, 0.0, 0.0, 0.0, 0.0, 0.0
Warriors, 0.0, 0.0, 0.0, 0.0, 0.0, 0.0, 0.0, 0.0, 0.0, 0.0, 0.0, 0.0, 0.0, 0.0, 0.0, 0.0, 0.0, 0.0, 0.0, 0.0, 0.0, 0.0, 0.0, 0.0, 0.0, 0.0, 0.0, 0.0, 0.0, 0.0, 0.0, 0.0, 0.0, 0.0, 0.0, 0.0, 0.0, 0.0, 0.0, 0.0, 0.0, 0.0, 0.0, 0.0, 0.0, 0.0, 0.0, 0.0, 0.0, 0.0, 0.0, 0.0, 0.0, 0.0, 0.0, 0.0, 0.0, 0.0, 0.0, 0.0, 0.0, 0.0, 0.0, 0.0, 0.0, 0.0, 0.0, 0.0, 0.0, 0.0, 0.0, 0.0, 0.0, 0.0, 0.0, 0.0, 0.0, 0.0, 0.0, 0.0, 0.0, 0.0, 0.0, 0.0, 0.0, 0.0, 0.0, 0.0, 0.0, 0.0, 0.0, 0.0, 0.0, 0.0, 0.0, 0.0, 0.0, 0.0, 0.0, 0.0, 0.0, 0.0, 0.0, 0.0, 0.0, 0.0, 0.0, 0.0, 0.0, 0.0, 0.0, 0.0, 0.0, 0.0, 0.0, 0.0, 0.0, 0.0, 0.0, 0.0, 0.0, 0.0, 0.0, 0.0, 0.0, 0.0, 0.0, 0.0, 0.0, 0.0, 0.0, 0.0, 0.0, 0.0, 0.0, 0.0, 0.0, 0.0, 0.0, 0.0, 0.0, 0.0, 0.0, 0.0, 0.0, 0.0, 0.0, 0.0, 0.0, 0.0, 0.0, 0.0, 0.0, 0.0, 0.0, 0.0, 0.0, 0.0, 0.0, 0.0, 0.0, 0.0, 0.0, 0.0, 0.0, 0.0, 0.0, 0.0, 0.0, 0.0, 0.0, 0.0, 0.0, 0.0, 0.0, 0.0, 0.0, 0.0, 0.0, 0.0, 0.0, 0.0, 0.0, 0.0, 0.0, 0.0, 0.0, 0.0, 0.0, 0.0, 0.0, 0.0, 0.0, 0.0, 0.0, 0.0, 0.0, 0.0, 0.0, 0.0, 0.0, 0.0, 0.0, 0.0, 0.0, 0.0, 0.0, 0.0, 0.0, 0.0, 0.0, 0.0, 0.0, 0.0, 0.0, 0.0, 0.0, 0.0, 0.0, 0.0, 0.0, 0.0, 0.0, 0.0, 0.0, 0.0, 0.0, 0.0, 0.0, 0.0, 0.0, 0.0, 0.0, 0.0, 0.0, 0.0, 0.0, 0.0, 0.0, 0.0, 0.0, 0.0, 0.0, 0.0, 0.0, 0.0, 0.0, 0.0, 0.0, 0.0, 0.0, 0.0, 0.0, 0.0, 0.0, 0.0
Dragons, 0.0, 0.0, 0.0, 0.0, 0.0, 0.0, 0.0, 0.0, 0.0, 0.0, 0.0, 0.0, 0.0, 0.0, 0.0, 0.0, 0.0, 0.0, 0.0, 0.0, 0.0, 0.0, 0.0, 0.0, 0.0, 0.0, 0.0, 0.0, 0.0, 0.0, 0.0, 0.0, 0.0, 0.0, 0.0, 0.0, 0.0, 0.0, 0.0, 0.0, 0.0, 0.0, 0.0, 0.0, 0.0, 0.0, 0.0, 0.0, 0.0, 0.0, 0.0, 0.0, 0.0, 0.0, 0.0, 0.0, 0.0, 0.0, 0.0, 0.0, 0.0, 0.0, 0.0, 0.0, 0.0, 0.0, 0.0, 0.0, 0.0, 0.0, 0.0, 0.0, 0.0, 0.0, 0.0, 0.0, 0.0, 0.0, 0.0, 0.0, 0.0, 0.0, 0.0, 0.0, 0.0, 0.0, 0.0, 0.0, 0.0, 0.0, 0.0, 0.0, 0.0, 0.0, 0.0, 0.0, 0.0, 0.0, 0.0, 0.0, 0.0, 0.0, 0.0, 0.0, 0.0, 0.0, 0.0, 0.0, 0.0, 0.0, 0.0, 0.0, 0.0, 0.0, 0.0, 0.0, 0.0, 0.0, 0.0, 0.0, 0.0, 0.0, 0.0, 0.0, 0.0, 0.0, 0.0, 0.0, 0.0, 0.0, 0.0, 0.0, 0.0, 0.0, 0.0, 0.0, 0.0, 0.0, 0.0, 0.0, 0.0, 0.0, 0.0, 0.0, 0.0, 0.0, 0.0, 0.0, 0.0, 0.0, 0.0, 0.0, 0.0, 0.0, 0.0, 0.0, 0.0, 0.0, 0.0, 0.0, 0.0, 0.0, 0.0, 0.0, 0.0, 0.0, 0.0, 0.0, 0.0, 0.0, 0.0, 0.0, 0.0, 0.0, 0.0, 0.0, 0.0, 0.0, 0.0, 0.0, 0.0, 0.0, 0.0, 0.0, 0.0, 0.0, 0.0, 0.0, 0.0, 0.0, 0.0, 0.0, 0.0, 0.0, 0.0, 0.0, 0.0, 0.0, 0.0, 0.0, 0.0, 0.0, 0.0, 0.0, 0.0, 0.0, 0.0, 0.0, 0.0, 0.0, 0.0, 0.0, 0.0, 0.0, 0.0, 0.0, 0.0, 0.0, 0.0, 0.0, 0.0, 0.0, 0.0, 0.0, 0.0, 0.0, 0.0, 0.0, 0.0, 0.0, 0.0, 0.0, 0.0, 0.0, 0.0, 0.0, 0.0, 0.0, 0.0, 0.0, 0.0, 0.0, 0.0, 0.0, 0.0, 0.0, 0.0, 0.0, 0.0, 0.0, 0.0, 0.0, 0.0, 0.0, 0.0, 0.0
Cowboys, 0.0, 0.0, 0.0, 0.0, 0.0, 0.0, 0.0, 0.0, 0.0, 0.0, 0.0, 0.0, 0.0, 0.0, 0.0, 0.0, 0.0, 0.0, 0.0, 0.0, 0.0, 0.0, 0.0, 0.0, 0.0, 0.0, 0.0, 0.0, 0.0, 0.0, 0.0, 0.0, 0.0, 0.0, 0.0, 0.0, 0.0, 0.0, 0.0, 0.0, 0.0, 0.0, 0.0, 0.0, 0.0, 0.0, 0.0, 0.0, 0.0, 0.0, 0.0, 0.0, 0.0, 0.0, 0.0, 0.0, 0.0, 0.0, 0.0, 0.0, 0.0, 0.0, 0.0, 0.0, 0.0, 0.0, 0.0, 0.0, 0.0, 0.0, 0.0, 0.0, 0.0, 0.0, 0.0, 0.0, 0.0, 0.0, 0.0, 0.0, 0.0, 0.0, 0.0, 0.0, 0.0, 0.0, 0.0, 0.0, 0.0, 0.0, 0.0, 0.0, 0.0, 0.0, 0.0, 0.0, 0.0, 0.0, 0.0, 0.0, 0.0, 0.0, 0.0, 0.0, 0.0, 0.0, 0.0, 0.0, 0.0, 0.0, 0.0, 0.0, 0.0, 0.0, 0.0, 0.0, 0.0, 0.0, 0.0, 0.0, 0.0, 0.0, 0.0, 0.0, 0.0, 0.0, 0.0, 0.0, 0.0, 0.0, 0.0, 0.0, 0.0, 0.0, 0.0, 0.0, 0.0, 0.0, 0.0, 0.0, 0.0, 0.0, 0.0, 0.0, 0.0, 0.0, 0.0, 0.0, 0.0, 0.0, 0.0, 0.0, 0.0, 0.0, 0.0, 0.0, 0.0, 0.0, 0.0, 0.0, 0.0, 0.0, 0.0, 0.0, 0.0, 0.0, 0.0, 0.0, 0.0, 0.0, 0.0, 0.0, 0.0, 0.0, 0.0, 0.0, 0.0, 0.0, 0.0, 0.0, 0.0, 0.0, 0.0, 0.0, 0.0, 0.0, 0.0, 0.0, 0.0, 0.0, 0.0, 0.0, 0.0, 0.0, 0.0, 0.0, 0.0, 0.0, 0.0, 0.0, 0.0, 0.0, 0.0, 0.0, 0.0, 0.0, 0.0, 0.0, 0.0, 0.0, 0.0, 0.0, 0.0, 0.0, 0.0, 0.0, 0.0, 0.0, 0.0, 0.0, 0.0, 0.0, 0.0, 0.0, 0.0, 0.0, 0.0, 0.0, 0.0, 0.0, 0.0, 0.0, 0.0, 0.0, 0.0, 0.0, 0.0, 0.0, 0.0, 0.0, 0.0, 0.0, 0.0, 0.0, 0.0, 0.0, 0.0, 0.0, 0.0, 0.0, 0.0, 0.0, 0.0, 0.0, 0.0, 0.0
Manly, 0.0, 0.0, 0.0, 0.0, 0.0, 0.0, 0.0, 0.0, 0.0, 0.0, 0.0, 0.0, 0.0, 0.0, 0.0, 0.0, 0.0, 0.0, 0.0, 0.0, 0.0, 0.0, 0.0, 0.0, 0.0, 0.0, 0.0, 0.0, 0.0, 0.0, 0.0, 0.0, 0.0, 0.0, 0.0, 0.0, 0.0, 0.0, 0.0, 0.0, 0.0, 0.0, 0.0, 0.0, 0.0, 0.0, 0.0, 0.0, 0.0, 0.0, 0.0, 0.0, 0.0, 0.0, 0.0, 0.0, 0.0, 0.0, 0.0, 0.0, 0.0, 0.0, 0.0, 0.0, 0.0, 0.0, 0.0, 0.0, 0.0, 0.0, 0.0, 0.0, 0.0, 0.0, 0.0, 0.0, 0.0, 0.0, 0.0, 0.0, 0.0, 0.0, 0.0, 0.0, 0.0, 0.0, 0.0, 0.0, 0.0, 0.0, 0.0, 0.0, 0.0, 0.0, 0.0, 0.0, 0.0, 0.0, 0.0, 0.0, 0.0, 0.0, 0.0, 0.0, 0.0, 0.0, 0.0, 0.0, 0.0, 0.0, 0.0, 0.0, 0.0, 0.0, 0.0, 0.0, 0.0, 0.0, 0.0, 0.0, 0.0, 0.0, 0.0, 0.0, 0.0, 0.0, 0.0, 0.0, 0.0, 0.0, 0.0, 0.0, 0.0, 0.0, 0.0, 0.0, 0.0, 0.0, 0.0, 0.0, 0.0, 0.0, 0.0, 0.0, 0.0, 0.0, 0.0, 0.0, 0.0, 0.0, 0.0, 0.0, 0.0, 0.0, 0.0, 0.0, 0.0, 0.0, 0.0, 0.0, 0.0, 0.0, 0.0, 0.0, 0.0, 0.0, 0.0, 0.0, 0.0, 0.0, 0.0, 0.0, 0.0, 0.0, 0.0, 0.0, 0.0, 0.0, 0.0, 0.0, 0.0, 0.0, 0.0, 0.0, 0.0, 0.0, 0.0, 0.0, 0.0, 0.0, 0.0, 0.0, 0.0, 0.0, 0.0, 0.0, 0.0, 0.0, 0.0, 0.0, 0.0, 0.0, 0.0, 0.0, 0.0, 0.0, 0.0, 0.0, 0.0, 0.0, 0.0, 0.0, 0.0, 0.0, 0.0, 0.0, 0.0, 0.0, 0.0, 0.0, 0.0, 0.0, 0.0, 0.0, 0.0, 0.0, 0.0, 0.0, 0.0, 0.0, 0.0, 0.0, 0.0, 0.0, 0.0, 0.0, 0.0, 0.0, 0.0, 0.0, 0.0, 0.0, 0.0, 0.0, 0.0, 0.0, 0.0, 0.0, 0.0, 0.0, 0.0, 0.0, 0.0, 0.0, 0.0, 0.0
Tigers, 0.0, 0.0, 0.0, 0.0, 0.0, 0.0, 0.0, 0.0, 0.0, 0.0, 0.0, 0.0, 0.0, 0.0, 0.0, 0.0, 0.0, 0.0, 0.0, 0.0, 0.0, 0.0, 0.0, 0.0, 0.0, 0.0, 0.0, 0.0, 0.0, 0.0, 0.0, 0.0, 0.0, 0.0, 0.0, 0.0, 0.0, 0.0, 0.0, 0.0, 0.0, 0.0, 0.0, 0.0, 0.0, 0.0, 0.0, 0.0, 0.0, 0.0, 0.0, 0.0, 0.0, 0.0, 0.0, 0.0, 0.0, 0.0, 0.0, 0.0, 0.0, 0.0, 0.0, 0.0, 0.0, 0.0, 0.0, 0.0, 0.0, 0.0, 0.0, 0.0, 0.0, 0.0, 0.0, 0.0, 0.0, 0.0, 0.0, 0.0, 0.0, 0.0, 0.0, 0.0, 0.0, 0.0, 0.0, 0.0, 0.0, 0.0, 0.0, 0.0, 0.0, 0.0, 0.0, 0.0, 0.0, 0.0, 0.0, 0.0, 0.0, 0.0, 0.0, 0.0, 0.0, 0.0, 0.0, 0.0, 0.0, 0.0, 0.0, 0.0, 0.0, 0.0, 0.0, 0.0, 0.0, 0.0, 0.0, 0.0, 0.0, 0.0, 0.0, 0.0, 0.0, 0.0, 0.0, 0.0, 0.0, 0.0, 0.0, 0.0, 0.0, 0.0, 0.0, 0.0, 0.0, 0.0, 0.0, 0.0, 0.0, 0.0, 0.0, 0.0, 0.0, 0.0, 0.0, 0.0, 0.0, 0.0, 0.0, 0.0, 0.0, 0.0, 0.0, 0.0, 0.0, 0.0, 0.0, 0.0, 0.0, 0.0, 0.0, 0.0, 0.0, 0.0, 0.0, 0.0, 0.0, 0.0, 0.0, 0.0, 0.0, 0.0, 0.0, 0.0, 0.0, 0.0, 0.0, 0.0, 0.0, 0.0, 0.0, 0.0, 0.0, 0.0, 0.0, 0.0, 0.0, 0.0, 0.0, 0.0, 0.0, 0.0, 0.0, 0.0, 0.0, 0.0, 0.0, 0.0, 0.0, 0.0, 0.0, 0.0, 0.0, 0.0, 0.0, 0.0, 0.0, 0.0, 0.0, 0.0, 0.0, 0.0, 0.0, 0.0, 0.0, 0.0, 0.0, 0.0, 0.0, 0.0, 0.0, 0.0, 0.0, 0.0, 0.0, 0.0, 0.0, 0.0, 0.0, 0.0, 0.0, 0.0, 0.0, 0.0, 0.0, 0.0, 0.0, 0.0, 0.0, 0.0, 0.0, 0.0, 0.0, 0.0, 0.0, 0.0, 0.0, 0.0, 0.0, 0.0, 0.0, 0.0, 0.0, 0.0
Rabbitohs, 0.0, 0.0, 0.0, 0.0, 0.0, 0.0, 0.0, 0.0, 0.0, 0.0, 0.0, 0.0, 0.0, 0.0, 0.0, 0.0, 0.0, 0.0, 0.0, 0.0, 0.0, 0.0, 0.0, 0.0, 0.0, 0.0, 0.0, 0.0, 0.0, 0.0, 0.0, 0.0, 0.0, 0.0, 0.0, 0.0, 0.0, 0.0, 0.0, 0.0, 0.0, 0.0, 0.0, 0.0, 0.0, 0.0, 0.0, 0.0, 0.0, 0.0, 0.0, 0.0, 0.0, 0.0, 0.0, 0.0, 0.0, 0.0, 0.0, 0.0, 0.0, 0.0, 0.0, 0.0, 0.0, 0.0, 0.0, 0.0, 0.0, 0.0, 0.0, 0.0, 0.0, 0.0, 0.0, 0.0, 0.0, 0.0, 0.0, 0.0, 0.0, 0.0, 0.0, 0.0, 0.0, 0.0, 0.0, 0.0, 0.0, 0.0, 0.0, 0.0, 0.0, 0.0, 0.0, 0.0, 0.0, 0.0, 0.0, 0.0, 0.0, 0.0, 0.0, 0.0, 0.0, 0.0, 0.0, 0.0, 0.0, 0.0, 0.0, 0.0, 0.0, 0.0, 0.0, 0.0, 0.0, 0.0, 0.0, 0.0, 0.0, 0.0, 0.0, 0.0, 0.0, 0.0, 0.0, 0.0, 0.0, 0.0, 0.0, 0.0, 0.0, 0.0, 0.0, 0.0, 0.0, 0.0, 0.0, 0.0, 0.0, 0.0, 0.0, 0.0, 0.0, 0.0, 0.0, 0.0, 0.0, 0.0, 0.0, 0.0, 0.0, 0.0, 0.0, 0.0, 0.0, 0.0, 0.0, 0.0, 0.0, 0.0, 0.0, 0.0, 0.0, 0.0, 0.0, 0.0, 0.0, 0.0, 0.0, 0.0, 0.0, 0.0, 0.0, 0.0, 0.0, 0.0, 0.0, 0.0, 0.0, 0.0, 0.0, 0.0, 0.0, 0.0, 0.0, 0.0, 0.0, 0.0, 0.0, 0.0, 0.0, 0.0, 0.0, 0.0, 0.0, 0.0, 0.0, 0.0, 0.0, 0.0, 0.0, 0.0, 0.0, 0.0, 0.0, 0.0, 0.0, 0.0, 0.0, 0.0, 0.0, 0.0, 0.0, 0.0, 0.0, 0.0, 0.0, 0.0, 0.0, 0.0, 0.0, 0.0, 0.0, 0.0, 0.0, 0.0, 0.0, 0.0, 0.0, 0.0, 0.0, 0.0, 0.0, 0.0, 0.0, 0.0, 0.0, 0.0, 0.0, 0.0, 0.0, 0.0, 0.0, 0.0, 0.0, 0.0, 0.0, 0.0, 0.0, 0.0, 0.0, 0.0, 0.0, 0.0
Eels, 0.0, 0.0, 0.0, 0.0, 0.0, 0.0, 0.0, 0.0, 0.0, 0.0, 0.0, 0.0, 0.0, 0.0, 0.0, 0.0, 0.0, 0.0, 0.0, 0.0, 0.0, 0.0, 0.0, 0.0, 0.0, 0.0, 0.0, 0.0, 0.0, 0.0, 0.0, 0.0, 0.0, 0.0, 0.0, 0.0, 0.0, 0.0, 0.0, 0.0, 0.0, 0.0, 0.0, 0.0, 0.0, 0.0, 0.0, 0.0, 0.0, 0.0, 0.0, 0.0, 0.0, 0.0, 0.0, 0.0, 0.0, 0.0, 0.0, 0.0, 0.0, 0.0, 0.0, 0.0, 0.0, 0.0, 0.0, 0.0, 0.0, 0.0, 0.0, 0.0, 0.0, 0.0, 0.0, 0.0, 0.0, 0.0, 0.0, 0.0, 0.0, 0.0, 0.0, 0.0, 0.0, 0.0, 0.0, 0.0, 0.0, 0.0, 0.0, 0.0, 0.0, 0.0, 0.0, 0.0, 0.0, 0.0, 0.0, 0.0, 0.0, 0.0, 0.0, 0.0, 0.0, 0.0, 0.0, 0.0, 0.0, 0.0, 0.0, 0.0, 0.0, 0.0, 0.0, 0.0, 0.0, 0.0, 0.0, 0.0, 0.0, 0.0, 0.0, 0.0, 0.0, 0.0, 0.0, 0.0, 0.0, 0.0, 0.0, 0.0, 0.0, 0.0, 0.0, 0.0, 0.0, 0.0, 0.0, 0.0, 0.0, 0.0, 0.0, 0.0, 0.0, 0.0, 0.0, 0.0, 0.0, 0.0, 0.0, 0.0, 0.0, 0.0, 0.0, 0.0, 0.0, 0.0, 0.0, 0.0, 0.0, 0.0, 0.0, 0.0, 0.0, 0.0, 0.0, 0.0, 0.0, 0.0, 0.0, 0.0, 0.0, 0.0, 0.0, 0.0, 0.0, 0.0, 0.0, 0.0, 0.0, 0.0, 0.0, 0.0, 0.0, 0.0, 0.0, 0.0, 0.0, 0.0, 0.0, 0.0, 0.0, 0.0, 0.0, 0.0, 0.0, 0.0, 0.0, 0.0, 0.0, 0.0, 0.0, 0.0, 0.0, 0.0, 0.0, 0.0, 0.0, 0.0, 0.0, 0.0, 0.0, 0.0, 0.0, 0.0, 0.0, 0.0, 0.0, 0.0, 0.0, 0.0, 0.0, 0.0, 0.0, 0.0, 0.0, 0.0, 0.0, 0.0, 0.0, 0.0, 0.0, 0.0, 0.0, 0.0, 0.0, 0.0, 0.0, 0.0, 0.0, 0.0, 0.0, 0.0, 0.0, 0.0, 0.0, 0.0, 0.0, 0.0, 0.0, 0.0, 0.0, 0.0, 0.0, 0.0
Titans, 0.0, 0.0, 0.0, 0.0, 0.0, 0.0, 0.0, 0.0, 0.0, 0.0, 0.0, 0.0, 0.0, 0.0, 0.0, 0.0, 0.0, 0.0, 0.0, 0.0, 0.0, 0.0, 0.0, 0.0, 0.0, 0.0, 0.0, 0.0, 0.0, 0.0, 0.0, 0.0, 0.0, 0.0, 0.0, 0.0, 0.0, 0.0, 0.0, 0.0, 0.0, 0.0, 0.0, 0.0, 0.0, 0.0, 0.0, 0.0, 0.0, 0.0, 0.0, 0.0, 0.0, 0.0, 0.0, 0.0, 0.0, 0.0, 0.0, 0.0, 0.0, 0.0, 0.0, 0.0, 0.0, 0.0, 0.0, 0.0, 0.0, 0.0, 0.0, 0.0, 0.0, 0.0, 0.0, 0.0, 0.0, 0.0, 0.0, 0.0, 0.0, 0.0, 0.0, 0.0, 0.0, 0.0, 0.0, 0.0, 0.0, 0.0, 0.0, 0.0, 0.0, 0.0, 0.0, 0.0, 0.0, 0.0, 0.0, 0.0, 0.0, 0.0, 0.0, 0.0, 0.0, 0.0, 0.0, 0.0, 0.0, 0.0, 0.0, 0.0, 0.0, 0.0, 0.0, 0.0, 0.0, 0.0, 0.0, 0.0, 0.0, 0.0, 0.0, 0.0, 0.0, 0.0, 0.0, 0.0, 0.0, 0.0, 0.0, 0.0, 0.0, 0.0, 0.0, 0.0, 0.0, 0.0, 0.0, 0.0, 0.0, 0.0, 0.0, 0.0, 0.0, 0.0, 0.0, 0.0, 0.0, 0.0, 0.0, 0.0, 0.0, 0.0, 0.0, 0.0, 0.0, 0.0, 0.0, 0.0, 0.0, 0.0, 0.0, 0.0, 0.0, 0.0, 0.0, 0.0, 0.0, 0.0, 0.0, 0.0, 0.0, 0.0, 0.0, 0.0, 0.0, 0.0, 0.0, 0.0, 0.0, 0.0, 0.0, 0.0, 0.0, 0.0, 0.0, 0.0, 0.0, 0.0, 0.0, 0.0, 0.0, 0.0, 0.0, 0.0, 0.0, 0.0, 0.0, 0.0, 0.0, 0.0, 0.0, 0.0, 0.0, 0.0, 0.0, 0.0, 0.0, 0.0, 0.0, 0.0, 0.0, 0.0, 0.0, 0.0, 0.0, 0.0, 0.0, 0.0, 0.0, 0.0, 0.0, 0.0, 0.0, 0.0, 0.0, 0.0, 0.0, 0.0, 0.0, 0.0, 0.0, 0.0, 0.0, 0.0, 0.0, 0.0, 0.0, 0.0, 0.0, 0.0, 0.0, 0.0, 0.0, 0.0, 0.0, 0.0, 0.0, 0.0, 0.0, 0.0, 0.0, 0.0, 0.0, 0.0
Knights, 0.0, 0.0, 0.0, 0.0, 0.0, 0.0, 0.0, 0.0, 0.0, 0.0, 0.0, 0.0, 0.0, 0.0, 0.0, 0.0, 0.0, 0.0, 0.0, 0.0, 0.0, 0.0, 0.0, 0.0, 0.0, 0.0, 0.0, 0.0, 0.0, 0.0, 0.0, 0.0, 0.0, 0.0, 0.0, 0.0, 0.0, 0.0, 0.0, 0.0, 0.0, 0.0, 0.0, 0.0, 0.0, 0.0, 0.0, 0.0, 0.0, 0.0, 0.0, 0.0, 0.0, 0.0, 0.0, 0.0, 0.0, 0.0, 0.0, 0.0, 0.0, 0.0, 0.0, 0.0, 0.0, 0.0, 0.0, 0.0, 0.0, 0.0, 0.0, 0.0, 0.0, 0.0, 0.0, 0.0, 0.0, 0.0, 0.0, 0.0, 0.0, 0.0, 0.0, 0.0, 0.0, 0.0, 0.0, 0.0, 0.0, 0.0, 0.0, 0.0, 0.0, 0.0, 0.0, 0.0, 0.0, 0.0, 0.0, 0.0, 0.0, 0.0, 0.0, 0.0, 0.0, 0.0, 0.0, 0.0, 0.0, 0.0, 0.0, 0.0, 0.0, 0.0, 0.0, 0.0, 0.0, 0.0, 0.0, 0.0, 0.0, 0.0, 0.0, 0.0, 0.0, 0.0, 0.0, 0.0, 0.0, 0.0, 0.0, 0.0, 0.0, 0.0, 0.0, 0.0, 0.0, 0.0, 0.0, 0.0, 0.0, 0.0, 0.0, 0.0, 0.0, 0.0, 0.0, 0.0, 0.0, 0.0, 0.0, 0.0, 0.0, 0.0, 0.0, 0.0, 0.0, 0.0, 0.0, 0.0, 0.0, 0.0, 0.0, 0.0, 0.0, 0.0, 0.0, 0.0, 0.0, 0.0, 0.0, 0.0, 0.0, 0.0, 0.0, 0.0, 0.0, 0.0, 0.0, 0.0, 0.0, 0.0, 0.0, 0.0, 0.0, 0.0, 0.0, 0.0, 0.0, 0.0, 0.0, 0.0, 0.0, 0.0, 0.0, 0.0, 0.0, 0.0, 0.0, 0.0, 0.0, 0.0, 0.0, 0.0, 0.0, 0.0, 0.0, 0.0, 0.0, 0.0, 0.0, 0.0, 0.0, 0.0, 0.0, 0.0, 0.0, 0.0, 0.0, 0.0, 0.0, 0.0, 0.0, 0.0, 0.0, 0.0, 0.0, 0.0, 0.0, 0.0, 0.0, 0.0, 0.0, 0.0, 0.0, 0.0, 0.0, 0.0, 0.0, 0.0, 0.0, 0.0, 0.0, 0.0, 0.0, 0.0, 0.0, 0.0, 0.0, 0.0, 0.0, 0.0, 0.0, 0.0, 0.0, 0.0

percentages, 0.0552, 0.0829, 0.0434, 0.0625, 0.0196, 0.0259, 0.0125, 0.0203, 0.0691, 0.0996, 0.0554, 0.0694, 0.025, 0.0314, 0.0168, 0.0239, 0.1147, 0.1593, 0.086, 0.1182, 0.037, 0.0497, 0.0287, 0.0374, 0.1339, 0.1863, 0.1022, 0.1516, 0.0467, 0.0618, 0.0337, 0.0449, 0.2587, 0.3655, 0.1973, 0.2765, 0.0796, 0.1153, 0.0649, 0.0853, 0.3059, 0.4269, 0.2398, 0.3363, 0.0961, 0.1418, 0.074, 0.1022, 0.5184, 0.7223, 0.3978, 0.5409, 0.1692, 0.2266, 0.1262, 0.1745, 0.6298, 0.8475, 0.4691, 0.6442, 0.2065, 0.2724, 0.1466, 0.207, 0.1893, 0.2597, 0.145, 0.2025, 0.0576, 0.0839, 0.0443, 0.0591, 0.2214, 0.3094, 0.1737, 0.2386, 0.0745, 0.1027, 0.0577, 0.0717, 0.3808, 0.5239, 0.278, 0.3764, 0.1134, 0.1614, 0.0894, 0.1257, 0.4474, 0.62, 0.3459, 0.479, 0.1442, 0.1872, 0.1136, 0.1471, 0.8542, 1.1646, 0.643, 0.8876, 0.2707, 0.381, 0.2134, 0.2856, 1.0135, 1.4164, 0.7818, 1.0583, 0.322, 0.4483, 0.2459, 0.3474, 1.6874, 2.3106, 1.2657, 1.7808, 0.5442, 0.7346, 0.4109, 0.5715, 2.0121, 2.7843, 1.5328, 2.0942, 0.6335, 0.8758, 0.5026, 0.6675, 0.059, 0.0866, 0.045, 0.0639, 0.0194, 0.0278, 0.0146, 0.0216, 0.0676, 0.1025, 0.0576, 0.0723, 0.0237, 0.031, 0.0174, 0.0264, 0.1286, 0.1681, 0.0871, 0.1278, 0.0392, 0.051, 0.0298, 0.0405, 0.1429, 0.2014, 0.1037, 0.1507, 0.0439, 0.0682, 0.0368, 0.0509, 0.2692, 0.3658, 0.2051, 0.2829, 0.0887, 0.1209, 0.0624, 0.0889, 0.3299, 0.4488, 0.2463, 0.3373, 0.1048, 0.1399, 0.0815, 0.1118, 0.5342, 0.7261, 0.4083, 0.5535, 0.1707, 0.2356, 0.1341, 0.1788, 0.6478, 0.8994, 0.5021, 0.6831, 0.2022, 0.2787, 0.1575, 0.216, 0.2042, 0.2743, 0.1523, 0.2081, 0.0616, 0.0855, 0.0431, 0.0647, 0.2278, 0.3332, 0.1794, 0.2473, 0.0708, 0.0993, 0.0549, 0.0787, 0.385, 0.5329, 0.2953, 0.4052, 0.1251, 0.1707, 0.0985, 0.1272, 0.4599, 0.6411, 0.3415, 0.4894, 0.1474, 0.2087, 0.1089, 0.1602, 0.8872, 1.2115, 0.6621, 0.9371, 0.2861, 0.4015, 0.2138, 0.2916, 1.0717, 1.4081, 0.8069, 1.0977, 0.3347, 0.4624, 0.2556, 0.3457, 1.7001, 2.3962, 1.3311, 1.795, 0.5625, 0.7606, 0.4227, 0.5708, 2.0905, 2.8834, 1.5958, 2.192, 0.6677, 0.9342, 0.4978, 0.6876
counts, 552, 829, 434, 625, 196, 259, 125, 203, 691, 996, 554, 694, 250, 314, 168, 239, 1147, 1593, 860, 1182, 370, 497, 287, 374, 1339, 1863, 1022, 1516, 467, 618, 337, 449, 2587, 3655, 1973, 2765, 796, 1153, 649, 853, 3059, 4269, 2398, 3363, 961, 1418, 740, 1022, 5184, 7223, 3978, 5409, 1692, 2266, 1262, 1745, 6298, 8475, 4691, 6442, 2065, 2724, 1466, 2070, 1893, 2597, 1450, 2025, 576, 839, 443, 591, 2214, 3094, 1737, 2386, 745, 1027, 577, 717, 3808, 5239, 2780, 3764, 1134, 1614, 894, 1257, 4474, 6200, 3459, 4790, 1442, 1872, 1136, 1471, 8542, 11646, 6430, 8876, 2707, 3810, 2134, 2856, 10135, 14164, 7818, 10583, 3220, 4483, 2459, 3474, 16874, 23106, 12657, 17808, 5442, 7346, 4109, 5715, 20121, 27843, 15328, 20942, 6335, 8758, 5026, 6675, 590, 866, 450, 639, 194, 278, 146, 216, 676, 1025, 576, 723, 237, 310, 174, 264, 1286, 1681, 871, 1278, 392, 510, 298, 405, 1429, 2014, 1037, 1507, 439, 682, 368, 509, 2692, 3658, 2051, 2829, 887, 1209, 624, 889, 3299, 4488, 2463, 3373, 1048, 1399, 815, 1118, 5342, 7261, 4083, 5535, 1707, 2356, 1341, 1788, 6478, 8994, 5021, 6831, 2022, 2787, 1575, 2160, 2042, 2743, 1523, 2081, 616, 855, 431, 647, 2278, 3332, 1794, 2473, 708, 993, 549, 787, 3850, 5329, 2953, 4052, 1251, 1707, 985, 1272, 4599, 6411, 3415, 4894, 1474, 2087, 1089, 1602, 8872, 12115, 6621, 9371, 2861, 4015, 2138, 2916, 10717, 14081, 8069, 10977, 3347, 4624, 2556, 3457, 17001, 23962, 13311, 17950, 5625, 7606, 4227, 5708, 20905, 28834, 15958, 21920, 6677, 9342, 4978, 6876